case_index,name,method,budget,selected_events,candidate_events,materialized_events,tp_known,positive_events,recall_known,recall_incremental,group_any,group_full,pool_positive_recall,lineage_selected,verified_certificates,selection_seconds,candidate_scope,non_synthetic_selected,official_fp,official_fn,official_precision,official_recall,official_f1
0,Five Dir Case 1,history_portfolio,64,64,466257,466257,11,38,0.2894736842105263,0.2702702702702703,0.5555555555555556,0.2222222222222222,1.0,2,64,0.13204006105661392,full_ledger,62,NA,NA,NA,NA,NA
0,Five Dir Case 1,history_portfolio,256,256,466257,466257,27,38,0.7105263157894737,0.7027027027027027,0.6666666666666666,0.5555555555555556,1.0,6,256,0.1281595192849636,full_ledger,250,NA,NA,NA,NA,NA
0,Five Dir Case 1,history_portfolio,1024,1024,466257,466257,35,38,0.9210526315789473,0.918918918918919,0.7777777777777778,0.7777777777777778,1.0,23,1024,0.13589226827025414,full_ledger,1001,NA,NA,NA,NA,NA
0,Five Dir Case 1,history_portfolio,4096,4096,466257,466257,35,38,0.9210526315789473,0.918918918918919,0.7777777777777778,0.7777777777777778,1.0,136,4096,0.1463278830051422,full_ledger,3960,NA,NA,NA,NA,NA
0,Five Dir Case 1,v7_group_edge,64,64,466257,32768,18,38,0.47368421052631576,0.4594594594594595,0.2222222222222222,0.2222222222222222,1.0,0,62,0.38297830894589424,bounded,64,NA,NA,NA,NA,NA
0,Five Dir Case 1,v7_group_edge,256,256,466257,32768,18,38,0.47368421052631576,0.4594594594594595,0.2222222222222222,0.2222222222222222,1.0,0,253,0.46952930837869644,bounded,256,NA,NA,NA,NA,NA
0,Five Dir Case 1,v7_group_edge,1024,1024,466257,32768,18,38,0.47368421052631576,0.4594594594594595,0.2222222222222222,0.2222222222222222,1.0,1,1019,0.6704235188663006,bounded,1023,NA,NA,NA,NA,NA
0,Five Dir Case 1,v7_group_edge,4096,4096,466257,32768,18,38,0.47368421052631576,0.4594594594594595,0.2222222222222222,0.2222222222222222,1.0,3,4079,1.6257232949137688,bounded,4093,NA,NA,NA,NA,NA
0,Five Dir Case 1,v8_group_edge,64,64,466257,32768,1,38,0.02631578947368421,0.0,0.1111111111111111,0.0,0.21052631578947367,0,61,0.5454462617635727,bounded,64,NA,NA,NA,NA,NA
0,Five Dir Case 1,v8_group_edge,256,256,466257,32768,1,38,0.02631578947368421,0.0,0.1111111111111111,0.0,0.21052631578947367,0,253,0.599581640213728,bounded,256,NA,NA,NA,NA,NA
0,Five Dir Case 1,v8_group_edge,1024,1024,466257,32768,1,38,0.02631578947368421,0.0,0.1111111111111111,0.0,0.21052631578947367,0,1012,0.9392060004174709,bounded,1024,NA,NA,NA,NA,NA
0,Five Dir Case 1,v8_group_edge,4096,4096,466257,32768,6,38,0.15789473684210525,0.13513513513513514,0.5555555555555556,0.3333333333333333,0.21052631578947367,11,4040,1.6362151317298412,bounded,4085,NA,NA,NA,NA,NA
0,Five Dir Case 1,v8_group_concave,64,64,466257,32768,1,38,0.02631578947368421,0.0,0.1111111111111111,0.0,0.21052631578947367,0,61,0.7186785005033016,bounded,64,NA,NA,NA,NA,NA
0,Five Dir Case 1,v8_group_concave,256,256,466257,32768,1,38,0.02631578947368421,0.0,0.1111111111111111,0.0,0.21052631578947367,0,252,1.0794851183891296,bounded,256,NA,NA,NA,NA,NA
0,Five Dir Case 1,v8_group_concave,1024,1024,466257,32768,1,38,0.02631578947368421,0.0,0.1111111111111111,0.0,0.21052631578947367,1,1009,2.662531565874815,bounded,1023,NA,NA,NA,NA,NA
0,Five Dir Case 1,v8_group_concave,4096,4096,466257,32768,5,38,0.13157894736842105,0.10810810810810811,0.5555555555555556,0.3333333333333333,0.21052631578947367,11,4032,8.753095645457506,bounded,4085,NA,NA,NA,NA,NA
0,Five Dir Case 1,v8_representative_concave,64,64,466257,32768,1,38,0.02631578947368421,0.0,0.1111111111111111,0.0,0.15789473684210525,0,61,0.684107281267643,bounded,64,NA,NA,NA,NA,NA
0,Five Dir Case 1,v8_representative_concave,256,256,466257,32768,1,38,0.02631578947368421,0.0,0.1111111111111111,0.0,0.15789473684210525,0,252,1.0704268291592598,bounded,256,NA,NA,NA,NA,NA
0,Five Dir Case 1,v8_representative_concave,1024,1024,466257,32768,1,38,0.02631578947368421,0.0,0.1111111111111111,0.0,0.15789473684210525,1,1005,2.68445311114192,bounded,1023,NA,NA,NA,NA,NA
0,Five Dir Case 1,v8_representative_concave,4096,4096,466257,32768,6,38,0.15789473684210525,0.13513513513513514,0.6666666666666666,0.3333333333333333,0.15789473684210525,11,4019,9.159562148153782,bounded,4085,NA,NA,NA,NA,NA
0,Five Dir Case 1,v8_no_frequency_concave,64,64,466257,32768,1,38,0.02631578947368421,0.0,0.1111111111111111,0.0,0.21052631578947367,0,63,0.6969267651438713,bounded,64,NA,NA,NA,NA,NA
0,Five Dir Case 1,v8_no_frequency_concave,256,256,466257,32768,1,38,0.02631578947368421,0.0,0.1111111111111111,0.0,0.21052631578947367,0,255,1.072893537580967,bounded,256,NA,NA,NA,NA,NA
0,Five Dir Case 1,v8_no_frequency_concave,1024,1024,466257,32768,1,38,0.02631578947368421,0.0,0.1111111111111111,0.0,0.21052631578947367,0,1017,2.5568808875977993,bounded,1024,NA,NA,NA,NA,NA
0,Five Dir Case 1,v8_no_frequency_concave,4096,4096,466257,32768,2,38,0.05263157894736842,0.02702702702702703,0.2222222222222222,0.1111111111111111,0.21052631578947367,11,4039,8.652725093066692,bounded,4085,NA,NA,NA,NA,NA
1,Five Dir Case 3,history_portfolio,64,64,424245,424245,8,15,0.5333333333333333,0.46153846153846156,0.7142857142857143,0.5714285714285714,1.0,1,64,0.09937485307455063,full_ledger,63,NA,NA,NA,NA,NA
1,Five Dir Case 3,history_portfolio,256,256,424245,424245,13,15,0.8666666666666667,0.8461538461538461,0.7142857142857143,0.7142857142857143,1.0,5,256,0.0986703559756279,full_ledger,251,NA,NA,NA,NA,NA
1,Five Dir Case 3,history_portfolio,1024,1024,424245,424245,14,15,0.9333333333333333,0.9230769230769231,0.8571428571428571,0.8571428571428571,1.0,24,1022,0.10154996812343597,full_ledger,1000,NA,NA,NA,NA,NA
1,Five Dir Case 3,history_portfolio,4096,4096,424245,424245,14,15,0.9333333333333333,0.9230769230769231,0.8571428571428571,0.8571428571428571,1.0,135,4096,0.11563524976372719,full_ledger,3961,NA,NA,NA,NA,NA
1,Five Dir Case 3,v7_group_edge,64,64,424245,32768,11,15,0.7333333333333333,0.6923076923076923,0.42857142857142855,0.42857142857142855,0.9333333333333333,0,62,0.29840845614671707,bounded,64,NA,NA,NA,NA,NA
1,Five Dir Case 3,v7_group_edge,256,256,424245,32768,11,15,0.7333333333333333,0.6923076923076923,0.42857142857142855,0.42857142857142855,0.9333333333333333,0,253,0.34596598893404007,bounded,256,NA,NA,NA,NA,NA
1,Five Dir Case 3,v7_group_edge,1024,1024,424245,32768,13,15,0.8666666666666667,0.8461538461538461,0.7142857142857143,0.7142857142857143,0.9333333333333333,1,1010,0.5810002610087395,bounded,1023,NA,NA,NA,NA,NA
1,Five Dir Case 3,v7_group_edge,4096,4096,424245,32768,13,15,0.8666666666666667,0.8461538461538461,0.7142857142857143,0.7142857142857143,0.9333333333333333,4,4074,1.3797182068228722,bounded,4092,NA,NA,NA,NA,NA
1,Five Dir Case 3,v8_group_edge,64,64,424245,32768,4,15,0.26666666666666666,0.15384615384615385,0.42857142857142855,0.14285714285714285,0.4,0,59,0.49838712438941,bounded,64,NA,NA,NA,NA,NA
1,Five Dir Case 3,v8_group_edge,256,256,424245,32768,5,15,0.3333333333333333,0.23076923076923078,0.5714285714285714,0.2857142857142857,0.4,1,240,0.5604796707630157,bounded,255,NA,NA,NA,NA,NA
1,Five Dir Case 3,v8_group_edge,1024,1024,424245,32768,5,15,0.3333333333333333,0.23076923076923078,0.5714285714285714,0.2857142857142857,0.4,2,995,0.8107716776430607,bounded,1022,NA,NA,NA,NA,NA
1,Five Dir Case 3,v8_group_edge,4096,4096,424245,32768,6,15,0.4,0.3076923076923077,0.7142857142857143,0.42857142857142855,0.4,8,3961,1.5151577331125736,bounded,4088,NA,NA,NA,NA,NA
1,Five Dir Case 3,v8_group_concave,64,64,424245,32768,4,15,0.26666666666666666,0.15384615384615385,0.42857142857142855,0.14285714285714285,0.4,0,60,0.5857947245240211,bounded,64,NA,NA,NA,NA,NA
1,Five Dir Case 3,v8_group_concave,256,256,424245,32768,5,15,0.3333333333333333,0.23076923076923078,0.5714285714285714,0.2857142857142857,0.4,1,242,0.8944973349571228,bounded,255,NA,NA,NA,NA,NA
1,Five Dir Case 3,v8_group_concave,1024,1024,424245,32768,5,15,0.3333333333333333,0.23076923076923078,0.5714285714285714,0.2857142857142857,0.4,2,994,2.1780053302645683,bounded,1022,NA,NA,NA,NA,NA
1,Five Dir Case 3,v8_group_concave,4096,4096,424245,32768,6,15,0.4,0.3076923076923077,0.7142857142857143,0.42857142857142855,0.4,8,3950,7.131623983383179,bounded,4088,NA,NA,NA,NA,NA
1,Five Dir Case 3,v8_representative_concave,64,64,424245,32768,3,15,0.2,0.07692307692307693,0.42857142857142855,0.14285714285714285,0.3333333333333333,0,59,0.5790635645389557,bounded,64,NA,NA,NA,NA,NA
1,Five Dir Case 3,v8_representative_concave,256,256,424245,32768,4,15,0.26666666666666666,0.15384615384615385,0.5714285714285714,0.2857142857142857,0.3333333333333333,1,240,0.9233438409864902,bounded,255,NA,NA,NA,NA,NA
1,Five Dir Case 3,v8_representative_concave,1024,1024,424245,32768,4,15,0.26666666666666666,0.15384615384615385,0.5714285714285714,0.2857142857142857,0.3333333333333333,2,990,2.187743976712227,bounded,1022,NA,NA,NA,NA,NA
1,Five Dir Case 3,v8_representative_concave,4096,4096,424245,32768,5,15,0.3333333333333333,0.23076923076923078,0.7142857142857143,0.42857142857142855,0.3333333333333333,10,3928,7.038304835557938,bounded,4086,NA,NA,NA,NA,NA
1,Five Dir Case 3,v8_no_frequency_concave,64,64,424245,32768,2,15,0.13333333333333333,0.0,0.2857142857142857,0.14285714285714285,0.4,0,60,0.619098350405693,bounded,64,NA,NA,NA,NA,NA
1,Five Dir Case 3,v8_no_frequency_concave,256,256,424245,32768,6,15,0.4,0.3076923076923077,0.7142857142857143,0.42857142857142855,0.4,4,241,0.936818566173315,bounded,252,NA,NA,NA,NA,NA
1,Five Dir Case 3,v8_no_frequency_concave,1024,1024,424245,32768,6,15,0.4,0.3076923076923077,0.7142857142857143,0.42857142857142855,0.4,8,993,2.2935252524912357,bounded,1016,NA,NA,NA,NA,NA
1,Five Dir Case 3,v8_no_frequency_concave,4096,4096,424245,32768,6,15,0.4,0.3076923076923077,0.7142857142857143,0.42857142857142855,0.4,11,3960,7.210715755820274,bounded,4085,NA,NA,NA,NA,NA
2,Theia Case 1,history_portfolio,64,64,898253,898253,8,239,0.03347280334728033,0.0211864406779661,0.5833333333333334,0.5833333333333334,1.0,7,64,0.30646125972270966,full_ledger,57,NA,NA,NA,NA,NA
2,Theia Case 1,history_portfolio,256,256,898253,898253,13,239,0.05439330543933055,0.0423728813559322,0.75,0.6666666666666666,1.0,13,256,0.3014248088002205,full_ledger,243,NA,NA,NA,NA,NA
2,Theia Case 1,history_portfolio,1024,1024,898253,898253,16,239,0.06694560669456066,0.05508474576271186,0.9166666666666666,0.8333333333333334,1.0,54,1024,0.3104560263454914,full_ledger,970,NA,NA,NA,NA,NA
2,Theia Case 1,history_portfolio,4096,4096,898253,898253,17,239,0.07112970711297072,0.059322033898305086,1.0,0.9166666666666666,1.0,193,4096,0.32547735050320625,full_ledger,3903,NA,NA,NA,NA,NA
2,Theia Case 1,v7_group_edge,64,64,898253,32768,7,239,0.029288702928870293,0.01694915254237288,0.5,0.5,0.058577405857740586,1,58,0.3362934961915016,bounded,63,NA,NA,NA,NA,NA
2,Theia Case 1,v7_group_edge,256,256,898253,32768,14,239,0.058577405857740586,0.046610169491525424,0.75,0.75,0.058577405857740586,2,249,0.4268901199102402,bounded,254,NA,NA,NA,NA,NA
2,Theia Case 1,v7_group_edge,1024,1024,898253,32768,14,239,0.058577405857740586,0.046610169491525424,0.75,0.75,0.058577405857740586,38,989,0.7115333452820778,bounded,986,NA,NA,NA,NA,NA
2,Theia Case 1,v7_group_edge,4096,4096,898253,32768,14,239,0.058577405857740586,0.046610169491525424,0.75,0.75,0.058577405857740586,39,4061,1.4822766818106174,bounded,4057,NA,NA,NA,NA,NA
2,Theia Case 1,v8_group_edge,64,64,898253,32768,10,239,0.04184100418410042,0.029661016949152543,0.75,0.5833333333333334,0.0502092050209205,1,56,0.5402895323932171,bounded,63,NA,NA,NA,NA,NA
2,Theia Case 1,v8_group_edge,256,256,898253,32768,10,239,0.04184100418410042,0.029661016949152543,0.75,0.5833333333333334,0.0502092050209205,29,224,0.7334710620343685,bounded,227,NA,NA,NA,NA,NA
2,Theia Case 1,v8_group_edge,1024,1024,898253,32768,10,239,0.04184100418410042,0.029661016949152543,0.75,0.5833333333333334,0.0502092050209205,50,964,0.8641181662678719,bounded,974,NA,NA,NA,NA,NA
2,Theia Case 1,v8_group_edge,4096,4096,898253,32768,10,239,0.04184100418410042,0.029661016949152543,0.75,0.5833333333333334,0.0502092050209205,63,3957,1.4659246020019054,bounded,4033,NA,NA,NA,NA,NA
2,Theia Case 1,v8_group_concave,64,64,898253,32768,9,239,0.03765690376569038,0.025423728813559324,0.6666666666666666,0.5833333333333334,0.0502092050209205,2,54,0.6226185709238052,bounded,62,NA,NA,NA,NA,NA
2,Theia Case 1,v8_group_concave,256,256,898253,32768,10,239,0.04184100418410042,0.029661016949152543,0.75,0.5833333333333334,0.0502092050209205,32,223,0.9667074792087078,bounded,224,NA,NA,NA,NA,NA
2,Theia Case 1,v8_group_concave,1024,1024,898253,32768,10,239,0.04184100418410042,0.029661016949152543,0.75,0.5833333333333334,0.0502092050209205,52,959,2.1368879564106464,bounded,972,NA,NA,NA,NA,NA
2,Theia Case 1,v8_group_concave,4096,4096,898253,32768,10,239,0.04184100418410042,0.029661016949152543,0.75,0.5833333333333334,0.0502092050209205,64,4020,6.883903317153454,bounded,4032,NA,NA,NA,NA,NA
2,Theia Case 1,v8_representative_concave,64,64,898253,32768,9,239,0.03765690376569038,0.025423728813559324,0.6666666666666666,0.5833333333333334,0.04184100418410042,2,51,0.5789874009788036,bounded,62,NA,NA,NA,NA,NA
2,Theia Case 1,v8_representative_concave,256,256,898253,32768,9,239,0.03765690376569038,0.025423728813559324,0.6666666666666666,0.5833333333333334,0.04184100418410042,40,207,0.8339259177446365,bounded,216,NA,NA,NA,NA,NA
2,Theia Case 1,v8_representative_concave,1024,1024,898253,32768,9,239,0.03765690376569038,0.025423728813559324,0.6666666666666666,0.5833333333333334,0.04184100418410042,55,950,2.044128607958555,bounded,969,NA,NA,NA,NA,NA
2,Theia Case 1,v8_representative_concave,4096,4096,898253,32768,9,239,0.03765690376569038,0.025423728813559324,0.6666666666666666,0.5833333333333334,0.04184100418410042,64,4014,6.581331141293049,bounded,4032,NA,NA,NA,NA,NA
2,Theia Case 1,v8_no_frequency_concave,64,64,898253,32768,7,239,0.029288702928870293,0.01694915254237288,0.5,0.5,0.0502092050209205,4,59,0.702603030949831,bounded,60,NA,NA,NA,NA,NA
2,Theia Case 1,v8_no_frequency_concave,256,256,898253,32768,10,239,0.04184100418410042,0.029661016949152543,0.75,0.5833333333333334,0.0502092050209205,33,230,0.9914760105311871,bounded,223,NA,NA,NA,NA,NA
2,Theia Case 1,v8_no_frequency_concave,1024,1024,898253,32768,10,239,0.04184100418410042,0.029661016949152543,0.75,0.5833333333333334,0.0502092050209205,58,965,2.174090825021267,bounded,966,NA,NA,NA,NA,NA
2,Theia Case 1,v8_no_frequency_concave,4096,4096,898253,32768,10,239,0.04184100418410042,0.029661016949152543,0.75,0.5833333333333334,0.0502092050209205,211,4020,6.846053037792444,bounded,3885,NA,NA,NA,NA,NA
3,Theia Case 3,history_portfolio,64,64,1132218,1132218,28,229,0.1222707423580786,0.11061946902654868,0.8888888888888888,0.7777777777777778,1.0,5,64,0.3974308706820011,full_ledger,59,NA,NA,NA,NA,NA
3,Theia Case 3,history_portfolio,256,256,1132218,1132218,122,229,0.5327510917030568,0.5265486725663717,0.8888888888888888,0.7777777777777778,1.0,10,256,0.40465037152171135,full_ledger,246,NA,NA,NA,NA,NA
3,Theia Case 3,history_portfolio,1024,1024,1132218,1132218,227,229,0.9912663755458515,0.9911504424778761,0.8888888888888888,0.8888888888888888,1.0,41,1024,0.43067582324147224,full_ledger,983,NA,NA,NA,NA,NA
3,Theia Case 3,history_portfolio,4096,4096,1132218,1132218,229,229,1.0,1.0,1.0,1.0,1.0,140,4096,0.4233001470565796,full_ledger,3956,NA,NA,NA,NA,NA
3,Theia Case 3,v7_group_edge,64,64,1132218,32768,59,229,0.2576419213973799,0.24778761061946902,0.8888888888888888,0.7777777777777778,1.0,0,60,0.25485822558403015,bounded,64,NA,NA,NA,NA,NA
3,Theia Case 3,v7_group_edge,256,256,1132218,32768,227,229,0.9912663755458515,0.9911504424778761,0.8888888888888888,0.8888888888888888,1.0,0,251,0.35055089369416237,bounded,256,NA,NA,NA,NA,NA
3,Theia Case 3,v7_group_edge,1024,1024,1132218,32768,227,229,0.9912663755458515,0.9911504424778761,0.8888888888888888,0.8888888888888888,1.0,3,1016,0.5421675033867359,bounded,1021,NA,NA,NA,NA,NA
3,Theia Case 3,v7_group_edge,4096,4096,1132218,32768,229,229,1.0,1.0,1.0,1.0,1.0,7,4086,1.5240189768373966,bounded,4089,NA,NA,NA,NA,NA
3,Theia Case 3,v8_group_edge,64,64,1132218,32768,9,229,0.039301310043668124,0.02654867256637168,0.8888888888888888,0.5555555555555556,0.048034934497816595,2,61,0.25350842997431755,bounded,62,NA,NA,NA,NA,NA
3,Theia Case 3,v8_group_edge,256,256,1132218,32768,9,229,0.039301310043668124,0.02654867256637168,0.8888888888888888,0.5555555555555556,0.048034934497816595,3,250,0.2237301580607891,bounded,253,NA,NA,NA,NA,NA
3,Theia Case 3,v8_group_edge,1024,1024,1132218,32768,9,229,0.039301310043668124,0.02654867256637168,0.8888888888888888,0.5555555555555556,0.048034934497816595,3,1018,0.4685786999762058,bounded,1021,NA,NA,NA,NA,NA
3,Theia Case 3,v8_group_edge,4096,4096,1132218,32768,9,229,0.039301310043668124,0.02654867256637168,0.8888888888888888,0.5555555555555556,0.048034934497816595,3,4090,1.1933488622307777,bounded,4093,NA,NA,NA,NA,NA
3,Theia Case 3,v8_group_concave,64,64,1132218,32768,9,229,0.039301310043668124,0.02654867256637168,0.8888888888888888,0.5555555555555556,0.048034934497816595,2,60,0.28411266952753067,bounded,62,NA,NA,NA,NA,NA
3,Theia Case 3,v8_group_concave,256,256,1132218,32768,9,229,0.039301310043668124,0.02654867256637168,0.8888888888888888,0.5555555555555556,0.048034934497816595,2,252,0.3420386575162411,bounded,254,NA,NA,NA,NA,NA
3,Theia Case 3,v8_group_concave,1024,1024,1132218,32768,9,229,0.039301310043668124,0.02654867256637168,0.8888888888888888,0.5555555555555556,0.048034934497816595,2,1020,0.944717351347208,bounded,1022,NA,NA,NA,NA,NA
3,Theia Case 3,v8_group_concave,4096,4096,1132218,32768,9,229,0.039301310043668124,0.02654867256637168,0.8888888888888888,0.5555555555555556,0.048034934497816595,2,4092,3.0445562824606895,bounded,4094,NA,NA,NA,NA,NA
3,Theia Case 3,v8_representative_concave,64,64,1132218,32768,7,229,0.03056768558951965,0.017699115044247787,0.7777777777777778,0.5555555555555556,0.034934497816593885,2,57,0.26434507220983505,bounded,62,NA,NA,NA,NA,NA
3,Theia Case 3,v8_representative_concave,256,256,1132218,32768,7,229,0.03056768558951965,0.017699115044247787,0.7777777777777778,0.5555555555555556,0.034934497816593885,2,249,0.3921747952699661,bounded,254,NA,NA,NA,NA,NA
3,Theia Case 3,v8_representative_concave,1024,1024,1132218,32768,7,229,0.03056768558951965,0.017699115044247787,0.7777777777777778,0.5555555555555556,0.034934497816593885,2,1017,0.8471206612884998,bounded,1022,NA,NA,NA,NA,NA
3,Theia Case 3,v8_representative_concave,4096,4096,1132218,32768,7,229,0.03056768558951965,0.017699115044247787,0.7777777777777778,0.5555555555555556,0.034934497816593885,2,4089,2.9852934293448925,bounded,4094,NA,NA,NA,NA,NA
3,Theia Case 3,v8_no_frequency_concave,64,64,1132218,32768,9,229,0.039301310043668124,0.02654867256637168,0.8888888888888888,0.5555555555555556,0.048034934497816595,2,61,0.27568477764725685,bounded,62,NA,NA,NA,NA,NA
3,Theia Case 3,v8_no_frequency_concave,256,256,1132218,32768,9,229,0.039301310043668124,0.02654867256637168,0.8888888888888888,0.5555555555555556,0.048034934497816595,2,253,0.411223366856575,bounded,254,NA,NA,NA,NA,NA
3,Theia Case 3,v8_no_frequency_concave,1024,1024,1132218,32768,9,229,0.039301310043668124,0.02654867256637168,0.8888888888888888,0.5555555555555556,0.048034934497816595,2,1021,0.8565164245665073,bounded,1022,NA,NA,NA,NA,NA
3,Theia Case 3,v8_no_frequency_concave,4096,4096,1132218,32768,9,229,0.039301310043668124,0.02654867256637168,0.8888888888888888,0.5555555555555556,0.048034934497816595,2,4093,2.9708761498332024,bounded,4094,NA,NA,NA,NA,NA
4,Theia Case 5,history_portfolio,64,64,137762,137762,25,31,0.8064516129032258,0.8,0.25,0.25,1.0,2,64,0.03472577780485153,full_ledger,62,NA,NA,NA,NA,NA
4,Theia Case 5,history_portfolio,256,256,137762,137762,27,31,0.8709677419354839,0.8666666666666667,0.5,0.5,1.0,10,256,0.034999895840883255,full_ledger,246,NA,NA,NA,NA,NA
4,Theia Case 5,history_portfolio,1024,1024,137762,137762,29,31,0.9354838709677419,0.9333333333333333,0.75,0.75,1.0,15,1024,0.03826340660452843,full_ledger,1009,NA,NA,NA,NA,NA
4,Theia Case 5,history_portfolio,4096,4096,137762,137762,29,31,0.9354838709677419,0.9333333333333333,0.75,0.75,1.0,15,4096,0.052043259143829346,full_ledger,4081,NA,NA,NA,NA,NA
4,Theia Case 5,v7_group_edge,64,64,137762,32768,24,31,0.7741935483870968,0.7666666666666667,0.125,0.125,0.9354838709677419,0,63,0.22907676547765732,bounded,64,NA,NA,NA,NA,NA
4,Theia Case 5,v7_group_edge,256,256,137762,32768,25,31,0.8064516129032258,0.8,0.25,0.25,0.9354838709677419,0,252,0.296042762696743,bounded,256,NA,NA,NA,NA,NA
4,Theia Case 5,v7_group_edge,1024,1024,137762,32768,26,31,0.8387096774193549,0.8333333333333334,0.375,0.375,0.9354838709677419,5,1012,0.6015197075903416,bounded,1019,NA,NA,NA,NA,NA
4,Theia Case 5,v7_group_edge,4096,4096,137762,32768,29,31,0.9354838709677419,0.9333333333333333,0.75,0.75,0.9354838709677419,15,4082,1.4251310341060162,bounded,4081,NA,NA,NA,NA,NA
4,Theia Case 5,v8_group_edge,64,64,137762,32768,4,31,0.12903225806451613,0.1,0.25,0.125,0.25806451612903225,0,62,0.320301853120327,bounded,64,NA,NA,NA,NA,NA
4,Theia Case 5,v8_group_edge,256,256,137762,32768,5,31,0.16129032258064516,0.13333333333333333,0.375,0.25,0.25806451612903225,5,242,0.5077044442296028,bounded,251,NA,NA,NA,NA,NA
4,Theia Case 5,v8_group_edge,1024,1024,137762,32768,8,31,0.25806451612903225,0.23333333333333334,0.75,0.625,0.25806451612903225,15,1009,0.6531301140785217,bounded,1009,NA,NA,NA,NA,NA
4,Theia Case 5,v8_group_edge,4096,4096,137762,32768,8,31,0.25806451612903225,0.23333333333333334,0.75,0.625,0.25806451612903225,15,4081,1.2944513447582722,bounded,4081,NA,NA,NA,NA,NA
4,Theia Case 5,v8_group_concave,64,64,137762,32768,3,31,0.0967741935483871,0.06666666666666667,0.125,0.0,0.25806451612903225,0,61,0.37907662615180016,bounded,64,NA,NA,NA,NA,NA
4,Theia Case 5,v8_group_concave,256,256,137762,32768,5,31,0.16129032258064516,0.13333333333333333,0.375,0.25,0.25806451612903225,8,241,0.6667119935154915,bounded,248,NA,NA,NA,NA,NA
4,Theia Case 5,v8_group_concave,1024,1024,137762,32768,8,31,0.25806451612903225,0.23333333333333334,0.75,0.625,0.25806451612903225,15,1008,1.502591546624899,bounded,1009,NA,NA,NA,NA,NA
4,Theia Case 5,v8_group_concave,4096,4096,137762,32768,8,31,0.25806451612903225,0.23333333333333334,0.75,0.625,0.25806451612903225,15,4080,4.866876486688852,bounded,4081,NA,NA,NA,NA,NA
4,Theia Case 5,v8_representative_concave,64,64,137762,32768,2,31,0.06451612903225806,0.03333333333333333,0.125,0.0,0.16129032258064516,0,61,0.3080349378287792,bounded,64,NA,NA,NA,NA,NA
4,Theia Case 5,v8_representative_concave,256,256,137762,32768,4,31,0.12903225806451613,0.1,0.375,0.25,0.16129032258064516,12,237,0.6262489333748817,bounded,244,NA,NA,NA,NA,NA
4,Theia Case 5,v8_representative_concave,1024,1024,137762,32768,5,31,0.16129032258064516,0.13333333333333333,0.5,0.375,0.16129032258064516,12,1005,1.4582946859300137,bounded,1012,NA,NA,NA,NA,NA
4,Theia Case 5,v8_representative_concave,4096,4096,137762,32768,5,31,0.16129032258064516,0.13333333333333333,0.5,0.375,0.16129032258064516,12,4077,4.827544793486595,bounded,4084,NA,NA,NA,NA,NA
4,Theia Case 5,v8_no_frequency_concave,64,64,137762,32768,3,31,0.0967741935483871,0.06666666666666667,0.125,0.0,0.1935483870967742,0,61,0.36605846881866455,bounded,64,NA,NA,NA,NA,NA
4,Theia Case 5,v8_no_frequency_concave,256,256,137762,32768,5,31,0.16129032258064516,0.13333333333333333,0.375,0.25,0.1935483870967742,5,245,0.6878263615071774,bounded,251,NA,NA,NA,NA,NA
4,Theia Case 5,v8_no_frequency_concave,1024,1024,137762,32768,6,31,0.1935483870967742,0.16666666666666666,0.5,0.375,0.1935483870967742,5,1013,1.5322157628834248,bounded,1019,NA,NA,NA,NA,NA
4,Theia Case 5,v8_no_frequency_concave,4096,4096,137762,32768,6,31,0.1935483870967742,0.16666666666666666,0.5,0.375,0.1935483870967742,5,4085,4.835991784930229,bounded,4091,NA,NA,NA,NA,NA
0,Five Dir Case 1,v8_rrf_group_edge,64,64,466257,32768,1,38,0.02631578947368421,0.0,0.1111111111111111,0.0,0.21052631578947367,0,61,0.561810452491045,bounded,64,NA,NA,NA,NA,NA
0,Five Dir Case 1,v8_rrf_group_edge,256,256,466257,32768,1,38,0.02631578947368421,0.0,0.1111111111111111,0.0,0.21052631578947367,0,253,0.6071590185165405,bounded,256,NA,NA,NA,NA,NA
0,Five Dir Case 1,v8_rrf_group_edge,1024,1024,466257,32768,1,38,0.02631578947368421,0.0,0.1111111111111111,0.0,0.21052631578947367,0,1012,0.936839122325182,bounded,1024,NA,NA,NA,NA,NA
0,Five Dir Case 1,v8_rrf_group_edge,4096,4096,466257,32768,6,38,0.15789473684210525,0.13513513513513514,0.5555555555555556,0.3333333333333333,0.21052631578947367,11,4040,1.826701007783413,bounded,4085,NA,NA,NA,NA,NA
0,Five Dir Case 1,v8_rrf_group_concave,64,64,466257,32768,1,38,0.02631578947368421,0.0,0.1111111111111111,0.0,0.21052631578947367,0,61,0.6721418164670467,bounded,64,NA,NA,NA,NA,NA
0,Five Dir Case 1,v8_rrf_group_concave,256,256,466257,32768,1,38,0.02631578947368421,0.0,0.1111111111111111,0.0,0.21052631578947367,0,252,1.0461571253836155,bounded,256,NA,NA,NA,NA,NA
0,Five Dir Case 1,v8_rrf_group_concave,1024,1024,466257,32768,1,38,0.02631578947368421,0.0,0.1111111111111111,0.0,0.21052631578947367,1,1009,2.6880329363048077,bounded,1023,NA,NA,NA,NA,NA
0,Five Dir Case 1,v8_rrf_group_concave,4096,4096,466257,32768,5,38,0.13157894736842105,0.10810810810810811,0.5555555555555556,0.3333333333333333,0.21052631578947367,11,4032,8.853819157928228,bounded,4085,NA,NA,NA,NA,NA
1,Five Dir Case 3,v8_rrf_group_edge,64,64,424245,32768,4,15,0.26666666666666666,0.15384615384615385,0.42857142857142855,0.14285714285714285,0.4,0,59,0.45551667362451553,bounded,64,NA,NA,NA,NA,NA
1,Five Dir Case 3,v8_rrf_group_edge,256,256,424245,32768,5,15,0.3333333333333333,0.23076923076923078,0.5714285714285714,0.2857142857142857,0.4,1,240,0.5499457232654095,bounded,255,NA,NA,NA,NA,NA
1,Five Dir Case 3,v8_rrf_group_edge,1024,1024,424245,32768,5,15,0.3333333333333333,0.23076923076923078,0.5714285714285714,0.2857142857142857,0.4,2,995,0.8372061960399151,bounded,1022,NA,NA,NA,NA,NA
1,Five Dir Case 3,v8_rrf_group_edge,4096,4096,424245,32768,6,15,0.4,0.3076923076923077,0.7142857142857143,0.42857142857142855,0.4,8,3961,1.8047206923365593,bounded,4088,NA,NA,NA,NA,NA
1,Five Dir Case 3,v8_rrf_group_concave,64,64,424245,32768,4,15,0.26666666666666666,0.15384615384615385,0.42857142857142855,0.14285714285714285,0.4,0,60,0.6084801554679871,bounded,64,NA,NA,NA,NA,NA
1,Five Dir Case 3,v8_rrf_group_concave,256,256,424245,32768,5,15,0.3333333333333333,0.23076923076923078,0.5714285714285714,0.2857142857142857,0.4,1,242,0.9348252713680267,bounded,255,NA,NA,NA,NA,NA
1,Five Dir Case 3,v8_rrf_group_concave,1024,1024,424245,32768,5,15,0.3333333333333333,0.23076923076923078,0.5714285714285714,0.2857142857142857,0.4,2,994,2.1605470292270184,bounded,1022,NA,NA,NA,NA,NA
1,Five Dir Case 3,v8_rrf_group_concave,4096,4096,424245,32768,6,15,0.4,0.3076923076923077,0.7142857142857143,0.42857142857142855,0.4,8,3950,7.407764170318842,bounded,4088,NA,NA,NA,NA,NA
2,Theia Case 1,v8_rrf_group_edge,64,64,898253,32768,10,239,0.04184100418410042,0.029661016949152543,0.75,0.5833333333333334,0.0502092050209205,1,56,0.44260308519005775,bounded,63,NA,NA,NA,NA,NA
2,Theia Case 1,v8_rrf_group_edge,256,256,898253,32768,10,239,0.04184100418410042,0.029661016949152543,0.75,0.5833333333333334,0.0502092050209205,29,224,0.5574671886861324,bounded,227,NA,NA,NA,NA,NA
2,Theia Case 1,v8_rrf_group_edge,1024,1024,898253,32768,10,239,0.04184100418410042,0.029661016949152543,0.75,0.5833333333333334,0.0502092050209205,50,964,0.8300945162773132,bounded,974,NA,NA,NA,NA,NA
2,Theia Case 1,v8_rrf_group_edge,4096,4096,898253,32768,10,239,0.04184100418410042,0.029661016949152543,0.75,0.5833333333333334,0.0502092050209205,63,3957,1.6164940260350704,bounded,4033,NA,NA,NA,NA,NA
2,Theia Case 1,v8_rrf_group_concave,64,64,898253,32768,9,239,0.03765690376569038,0.025423728813559324,0.6666666666666666,0.5833333333333334,0.0502092050209205,2,54,0.586412325501442,bounded,62,NA,NA,NA,NA,NA
2,Theia Case 1,v8_rrf_group_concave,256,256,898253,32768,10,239,0.04184100418410042,0.029661016949152543,0.75,0.5833333333333334,0.0502092050209205,32,223,0.9051729999482632,bounded,224,NA,NA,NA,NA,NA
2,Theia Case 1,v8_rrf_group_concave,1024,1024,898253,32768,10,239,0.04184100418410042,0.029661016949152543,0.75,0.5833333333333334,0.0502092050209205,52,959,2.179324720054865,bounded,972,NA,NA,NA,NA,NA
2,Theia Case 1,v8_rrf_group_concave,4096,4096,898253,32768,10,239,0.04184100418410042,0.029661016949152543,0.75,0.5833333333333334,0.0502092050209205,64,4020,7.219946563243866,bounded,4032,NA,NA,NA,NA,NA
3,Theia Case 3,v8_rrf_group_edge,64,64,1132218,32768,9,229,0.039301310043668124,0.02654867256637168,0.8888888888888888,0.5555555555555556,0.048034934497816595,2,61,0.3756244443356991,bounded,62,NA,NA,NA,NA,NA
3,Theia Case 3,v8_rrf_group_edge,256,256,1132218,32768,9,229,0.039301310043668124,0.02654867256637168,0.8888888888888888,0.5555555555555556,0.048034934497816595,3,250,0.4219472110271454,bounded,253,NA,NA,NA,NA,NA
3,Theia Case 3,v8_rrf_group_edge,1024,1024,1132218,32768,9,229,0.039301310043668124,0.02654867256637168,0.8888888888888888,0.5555555555555556,0.048034934497816595,3,1018,0.6183728016912937,bounded,1021,NA,NA,NA,NA,NA
3,Theia Case 3,v8_rrf_group_edge,4096,4096,1132218,32768,9,229,0.039301310043668124,0.02654867256637168,0.8888888888888888,0.5555555555555556,0.048034934497816595,3,4090,1.7154049277305603,bounded,4093,NA,NA,NA,NA,NA
3,Theia Case 3,v8_rrf_group_concave,64,64,1132218,32768,9,229,0.039301310043668124,0.02654867256637168,0.8888888888888888,0.5555555555555556,0.048034934497816595,2,60,0.44339918717741966,bounded,62,NA,NA,NA,NA,NA
3,Theia Case 3,v8_rrf_group_concave,256,256,1132218,32768,9,229,0.039301310043668124,0.02654867256637168,0.8888888888888888,0.5555555555555556,0.048034934497816595,2,252,0.6633635833859444,bounded,254,NA,NA,NA,NA,NA
3,Theia Case 3,v8_rrf_group_concave,1024,1024,1132218,32768,9,229,0.039301310043668124,0.02654867256637168,0.8888888888888888,0.5555555555555556,0.048034934497816595,2,1020,1.582700613886118,bounded,1022,NA,NA,NA,NA,NA
3,Theia Case 3,v8_rrf_group_concave,4096,4096,1132218,32768,9,229,0.039301310043668124,0.02654867256637168,0.8888888888888888,0.5555555555555556,0.048034934497816595,2,4092,5.403752394020557,bounded,4094,NA,NA,NA,NA,NA
4,Theia Case 5,v8_rrf_group_edge,64,64,137762,32768,4,31,0.12903225806451613,0.1,0.25,0.125,0.25806451612903225,0,62,0.327216487377882,bounded,64,NA,NA,NA,NA,NA
4,Theia Case 5,v8_rrf_group_edge,256,256,137762,32768,5,31,0.16129032258064516,0.13333333333333333,0.375,0.25,0.25806451612903225,5,242,0.5083789452910423,bounded,251,NA,NA,NA,NA,NA
4,Theia Case 5,v8_rrf_group_edge,1024,1024,137762,32768,8,31,0.25806451612903225,0.23333333333333334,0.75,0.625,0.25806451612903225,15,1009,0.6978994719684124,bounded,1009,NA,NA,NA,NA,NA
4,Theia Case 5,v8_rrf_group_edge,4096,4096,137762,32768,8,31,0.25806451612903225,0.23333333333333334,0.75,0.625,0.25806451612903225,15,4081,1.522292334586382,bounded,4081,NA,NA,NA,NA,NA
4,Theia Case 5,v8_rrf_group_concave,64,64,137762,32768,3,31,0.0967741935483871,0.06666666666666667,0.125,0.0,0.25806451612903225,0,61,0.4212714433670044,bounded,64,NA,NA,NA,NA,NA
4,Theia Case 5,v8_rrf_group_concave,256,256,137762,32768,5,31,0.16129032258064516,0.13333333333333333,0.375,0.25,0.25806451612903225,8,241,0.743864681571722,bounded,248,NA,NA,NA,NA,NA
4,Theia Case 5,v8_rrf_group_concave,1024,1024,137762,32768,8,31,0.25806451612903225,0.23333333333333334,0.75,0.625,0.25806451612903225,15,1008,1.6848686523735523,bounded,1009,NA,NA,NA,NA,NA
4,Theia Case 5,v8_rrf_group_concave,4096,4096,137762,32768,8,31,0.25806451612903225,0.23333333333333334,0.75,0.625,0.25806451612903225,15,4080,5.763415317982435,bounded,4081,NA,NA,NA,NA,NA
0,Five Dir Case 1,v8_expansion_edge,64,64,466257,32768,8,38,0.21052631578947367,0.1891891891891892,0.2222222222222222,0.0,0.7368421052631579,0,62,0.4716542884707451,bounded,64,NA,NA,NA,NA,NA
0,Five Dir Case 1,v8_expansion_edge,256,256,466257,32768,8,38,0.21052631578947367,0.1891891891891892,0.2222222222222222,0.0,0.7368421052631579,0,254,0.4444979541003704,bounded,256,NA,NA,NA,NA,NA
0,Five Dir Case 1,v8_expansion_edge,1024,1024,466257,32768,8,38,0.21052631578947367,0.1891891891891892,0.2222222222222222,0.0,0.7368421052631579,1,1019,0.5417227037250996,bounded,1023,NA,NA,NA,NA,NA
0,Five Dir Case 1,v8_expansion_edge,4096,4096,466257,32768,8,38,0.21052631578947367,0.1891891891891892,0.2222222222222222,0.0,0.7368421052631579,3,4070,0.9112490899860859,bounded,4093,NA,NA,NA,NA,NA
0,Five Dir Case 1,v8_expansion_concave,64,64,466257,32768,2,38,0.05263157894736842,0.02702702702702703,0.1111111111111111,0.0,0.7368421052631579,0,61,0.49536842480301857,bounded,64,NA,NA,NA,NA,NA
0,Five Dir Case 1,v8_expansion_concave,256,256,466257,32768,4,38,0.10526315789473684,0.08108108108108109,0.2222222222222222,0.0,0.7368421052631579,0,252,0.6563272699713707,bounded,256,NA,NA,NA,NA,NA
0,Five Dir Case 1,v8_expansion_concave,1024,1024,466257,32768,8,38,0.21052631578947367,0.1891891891891892,0.2222222222222222,0.0,0.7368421052631579,0,1016,1.4234064780175686,bounded,1024,NA,NA,NA,NA,NA
0,Five Dir Case 1,v8_expansion_concave,4096,4096,466257,32768,10,38,0.2631578947368421,0.24324324324324326,0.4444444444444444,0.2222222222222222,0.7368421052631579,4,4058,3.791528344154358,bounded,4092,NA,NA,NA,NA,NA
1,Five Dir Case 3,v8_expansion_edge,64,64,424245,32768,10,15,0.6666666666666666,0.6153846153846154,0.42857142857142855,0.2857142857142857,0.8666666666666667,0,63,0.4302070625126362,bounded,64,NA,NA,NA,NA,NA
1,Five Dir Case 3,v8_expansion_edge,256,256,424245,32768,12,15,0.8,0.7692307692307693,0.7142857142857143,0.5714285714285714,0.8666666666666667,0,248,0.4376152865588665,bounded,256,NA,NA,NA,NA,NA
1,Five Dir Case 3,v8_expansion_edge,1024,1024,424245,32768,12,15,0.8,0.7692307692307693,0.7142857142857143,0.5714285714285714,0.8666666666666667,2,1000,0.5360672175884247,bounded,1022,NA,NA,NA,NA,NA
1,Five Dir Case 3,v8_expansion_edge,4096,4096,424245,32768,12,15,0.8,0.7692307692307693,0.7142857142857143,0.5714285714285714,0.8666666666666667,5,4066,0.8600705154240131,bounded,4091,NA,NA,NA,NA,NA
1,Five Dir Case 3,v8_expansion_concave,64,64,424245,32768,4,15,0.26666666666666666,0.15384615384615385,0.42857142857142855,0.14285714285714285,0.8666666666666667,0,60,0.45910079777240753,bounded,64,NA,NA,NA,NA,NA
1,Five Dir Case 3,v8_expansion_concave,256,256,424245,32768,11,15,0.7333333333333333,0.6923076923076923,0.5714285714285714,0.42857142857142855,0.8666666666666667,1,243,0.6154105551540852,bounded,255,NA,NA,NA,NA,NA
1,Five Dir Case 3,v8_expansion_concave,1024,1024,424245,32768,12,15,0.8,0.7692307692307693,0.7142857142857143,0.5714285714285714,0.8666666666666667,1,1001,1.2246450074017048,bounded,1023,NA,NA,NA,NA,NA
1,Five Dir Case 3,v8_expansion_concave,4096,4096,424245,32768,13,15,0.8666666666666667,0.8461538461538461,0.8571428571428571,0.7142857142857143,0.8666666666666667,8,4002,3.3905293196439743,bounded,4088,NA,NA,NA,NA,NA
2,Theia Case 1,v8_expansion_edge,64,64,898253,32768,7,239,0.029288702928870293,0.01694915254237288,0.5,0.5,0.09205020920502092,1,60,0.3654261976480484,bounded,63,NA,NA,NA,NA,NA
2,Theia Case 1,v8_expansion_edge,256,256,898253,32768,14,239,0.058577405857740586,0.046610169491525424,0.75,0.75,0.09205020920502092,16,237,0.4279085546731949,bounded,240,NA,NA,NA,NA,NA
2,Theia Case 1,v8_expansion_edge,1024,1024,898253,32768,14,239,0.058577405857740586,0.046610169491525424,0.75,0.75,0.09205020920502092,49,971,0.666449524462223,bounded,975,NA,NA,NA,NA,NA
2,Theia Case 1,v8_expansion_edge,4096,4096,898253,32768,14,239,0.058577405857740586,0.046610169491525424,0.75,0.75,0.09205020920502092,55,4037,0.9032497853040695,bounded,4041,NA,NA,NA,NA,NA
2,Theia Case 1,v8_expansion_concave,64,64,898253,32768,9,239,0.03765690376569038,0.025423728813559324,0.6666666666666666,0.5833333333333334,0.09205020920502092,2,56,0.4791572764515877,bounded,62,NA,NA,NA,NA,NA
2,Theia Case 1,v8_expansion_concave,256,256,898253,32768,14,239,0.058577405857740586,0.046610169491525424,0.75,0.75,0.09205020920502092,20,236,0.658132828772068,bounded,236,NA,NA,NA,NA,NA
2,Theia Case 1,v8_expansion_concave,1024,1024,898253,32768,14,239,0.058577405857740586,0.046610169491525424,0.75,0.75,0.09205020920502092,50,971,1.450291845947504,bounded,974,NA,NA,NA,NA,NA
2,Theia Case 1,v8_expansion_concave,4096,4096,898253,32768,14,239,0.058577405857740586,0.046610169491525424,0.75,0.75,0.09205020920502092,62,4032,3.7237835116684437,bounded,4034,NA,NA,NA,NA,NA
3,Theia Case 3,v8_expansion_edge,64,64,1132218,32768,41,229,0.17903930131004367,0.168141592920354,0.8888888888888888,0.7777777777777778,1.0,0,63,0.3201504424214363,bounded,64,NA,NA,NA,NA,NA
3,Theia Case 3,v8_expansion_edge,256,256,1132218,32768,227,229,0.9912663755458515,0.9911504424778761,0.8888888888888888,0.8888888888888888,1.0,1,254,0.3204139433801174,bounded,255,NA,NA,NA,NA,NA
3,Theia Case 3,v8_expansion_edge,1024,1024,1132218,32768,227,229,0.9912663755458515,0.9911504424778761,0.8888888888888888,0.8888888888888888,1.0,3,1019,0.476704478263855,bounded,1021,NA,NA,NA,NA,NA
3,Theia Case 3,v8_expansion_edge,4096,4096,1132218,32768,227,229,0.9912663755458515,0.9911504424778761,0.8888888888888888,0.8888888888888888,1.0,3,4091,0.9773035980761051,bounded,4093,NA,NA,NA,NA,NA
3,Theia Case 3,v8_expansion_concave,64,64,1132218,32768,17,229,0.07423580786026202,0.061946902654867256,0.8888888888888888,0.7777777777777778,1.0,2,61,0.351072046905756,bounded,62,NA,NA,NA,NA,NA
3,Theia Case 3,v8_expansion_concave,256,256,1132218,32768,25,229,0.1091703056768559,0.09734513274336283,0.8888888888888888,0.7777777777777778,1.0,2,253,0.44323018565773964,bounded,254,NA,NA,NA,NA,NA
3,Theia Case 3,v8_expansion_concave,1024,1024,1132218,32768,25,229,0.1091703056768559,0.09734513274336283,0.8888888888888888,0.7777777777777778,1.0,2,1021,0.8156306520104408,bounded,1022,NA,NA,NA,NA,NA
3,Theia Case 3,v8_expansion_concave,4096,4096,1132218,32768,25,229,0.1091703056768559,0.09734513274336283,0.8888888888888888,0.7777777777777778,1.0,2,4093,2.674788173288107,bounded,4094,NA,NA,NA,NA,NA
4,Theia Case 5,v8_expansion_edge,64,64,137762,32768,24,31,0.7741935483870968,0.7666666666666667,0.125,0.125,0.9354838709677419,0,62,0.3315861113369465,bounded,64,NA,NA,NA,NA,NA
4,Theia Case 5,v8_expansion_edge,256,256,137762,32768,25,31,0.8064516129032258,0.8,0.25,0.25,0.9354838709677419,0,255,0.33375968039035797,bounded,256,NA,NA,NA,NA,NA
4,Theia Case 5,v8_expansion_edge,1024,1024,137762,32768,26,31,0.8387096774193549,0.8333333333333334,0.375,0.375,0.9354838709677419,5,1021,0.49690118432044983,bounded,1019,NA,NA,NA,NA,NA
4,Theia Case 5,v8_expansion_edge,4096,4096,137762,32768,29,31,0.9354838709677419,0.9333333333333333,0.75,0.75,0.9354838709677419,15,4094,1.2072904966771603,bounded,4081,NA,NA,NA,NA,NA
4,Theia Case 5,v8_expansion_concave,64,64,137762,32768,24,31,0.7741935483870968,0.7666666666666667,0.125,0.125,0.9354838709677419,0,63,0.374944232404232,bounded,64,NA,NA,NA,NA,NA
4,Theia Case 5,v8_expansion_concave,256,256,137762,32768,25,31,0.8064516129032258,0.8,0.25,0.25,0.9354838709677419,0,254,0.5074036046862602,bounded,256,NA,NA,NA,NA,NA
4,Theia Case 5,v8_expansion_concave,1024,1024,137762,32768,26,31,0.8387096774193549,0.8333333333333334,0.375,0.375,0.9354838709677419,8,1020,0.8882063440978527,bounded,1016,NA,NA,NA,NA,NA
4,Theia Case 5,v8_expansion_concave,4096,4096,137762,32768,29,31,0.9354838709677419,0.9333333333333333,0.75,0.75,0.9354838709677419,15,4093,4.602674908936024,bounded,4081,NA,NA,NA,NA,NA
