run_id,case_index,method,budget,selected_known,known_total,materialized_closure_recall,potential_descriptor_members,raw_ledger_missing,time_rule_unreachable,candidate_not_materialized,certificate_alone_over_budget,not_attributed
e0-c0-b256-witness_rerank,0,witness_rerank,256,20,38,,,0,0,0,0,18
e0-c0-b256-history_channel_portfolio,0,history_channel_portfolio,256,27,38,,,0,0,0,0,11
e0-c0-b1024-witness_rerank,0,witness_rerank,1024,21,38,,,0,0,0,0,17
e0-c0-b1024-history_channel_portfolio,0,history_channel_portfolio,1024,35,38,,,0,0,0,0,3
e2-c0-event-primary-b256,0,e2-c0-event-primary,256,18,38,1.0,,0,0,0,0,20
e2-c0-event-primary-b1024,0,e2-c0-event-primary,1024,18,38,1.0,,0,0,0,0,20
e2-c0-event-rrf-b256,0,e2-c0-event-rrf,256,18,38,1.0,,0,0,0,0,20
e2-c0-event-rrf-b1024,0,e2-c0-event-rrf,1024,18,38,1.0,,0,0,0,0,20
e2-c0-group-primary-b256,0,e2-c0-group-primary,256,18,38,1.0,327839,0,0,0,0,20
e2-c0-group-primary-b1024,0,e2-c0-group-primary,1024,18,38,1.0,327839,0,0,0,0,20
e2-c0-group-rrf-b256,0,e2-c0-group-rrf,256,18,38,1.0,327680,0,0,0,0,20
e2-c0-group-rrf-b1024,0,e2-c0-group-rrf,1024,18,38,1.0,327680,0,0,0,0,20
e3-c0-k1-edge_score-b256,0,e3-c0-k1,256,18,38,0.47368421052631576,,0,0,20,0,0
e3-c0-k1-edge_score-b1024,0,e3-c0-k1,1024,18,38,0.47368421052631576,,0,0,20,0,0
e3-c0-k1-anchor_score-b256,0,e3-c0-k1,256,18,38,0.47368421052631576,,0,0,20,0,0
e3-c0-k1-anchor_score-b1024,0,e3-c0-k1,1024,18,38,0.47368421052631576,,0,0,20,0,0
e3-c0-k1-witness_plus_detail-b256,0,e3-c0-k1,256,4,38,0.47368421052631576,,0,0,20,0,14
e3-c0-k1-witness_plus_detail-b1024,0,e3-c0-k1,1024,18,38,0.47368421052631576,,0,0,20,0,0
e3-c0-k3-edge_score-b256,0,e3-c0-k3,256,18,38,0.47368421052631576,,0,0,20,0,0
e3-c0-k3-edge_score-b1024,0,e3-c0-k3,1024,18,38,0.47368421052631576,,0,0,20,0,0
e3-c0-k3-anchor_score-b256,0,e3-c0-k3,256,18,38,0.47368421052631576,,0,0,20,0,0
e3-c0-k3-anchor_score-b1024,0,e3-c0-k3,1024,18,38,0.47368421052631576,,0,0,20,0,0
e3-c0-k3-witness_plus_detail-b256,0,e3-c0-k3,256,4,38,0.47368421052631576,,0,0,20,0,14
e3-c0-k3-witness_plus_detail-b1024,0,e3-c0-k3,1024,18,38,0.47368421052631576,,0,0,20,0,0
e0-c1-b256-witness_rerank,1,witness_rerank,256,13,15,,,0,1,0,0,1
e0-c1-b256-history_channel_portfolio,1,history_channel_portfolio,256,13,15,,,0,1,0,0,1
e0-c1-b1024-witness_rerank,1,witness_rerank,1024,14,15,,,0,1,0,0,0
e0-c1-b1024-history_channel_portfolio,1,history_channel_portfolio,1024,14,15,,,0,1,0,0,0
e2-c1-event-primary-b256,1,e2-c1-event-primary,256,11,15,0.9333333333333333,,0,1,0,0,3
e2-c1-event-primary-b1024,1,e2-c1-event-primary,1024,13,15,0.9333333333333333,,0,1,0,0,1
e2-c1-event-rrf-b256,1,e2-c1-event-rrf,256,11,15,0.9333333333333333,,0,1,0,0,3
e2-c1-event-rrf-b1024,1,e2-c1-event-rrf,1024,13,15,0.9333333333333333,,0,1,0,0,1
e2-c1-group-primary-b256,1,e2-c1-group-primary,256,11,15,0.9333333333333333,327688,0,1,0,0,3
e2-c1-group-primary-b1024,1,e2-c1-group-primary,1024,13,15,0.9333333333333333,327688,0,1,0,0,1
e2-c1-group-rrf-b256,1,e2-c1-group-rrf,256,11,15,0.9333333333333333,327743,0,1,0,0,3
e2-c1-group-rrf-b1024,1,e2-c1-group-rrf,1024,13,15,0.9333333333333333,327743,0,1,0,0,1
e3-c1-k1-edge_score-b256,1,e3-c1-k1,256,11,15,0.8666666666666667,,0,1,1,0,2
e3-c1-k1-edge_score-b1024,1,e3-c1-k1,1024,13,15,0.8666666666666667,,0,1,1,0,0
e3-c1-k1-anchor_score-b256,1,e3-c1-k1,256,11,15,0.8666666666666667,,0,1,1,0,2
e3-c1-k1-anchor_score-b1024,1,e3-c1-k1,1024,13,15,0.8666666666666667,,0,1,1,0,0
e3-c1-k1-witness_plus_detail-b256,1,e3-c1-k1,256,3,15,0.8666666666666667,,0,1,1,0,10
e3-c1-k1-witness_plus_detail-b1024,1,e3-c1-k1,1024,13,15,0.8666666666666667,,0,1,1,0,0
e3-c1-k3-edge_score-b256,1,e3-c1-k3,256,11,15,0.8666666666666667,,0,1,1,0,2
e3-c1-k3-edge_score-b1024,1,e3-c1-k3,1024,13,15,0.8666666666666667,,0,1,1,0,0
e3-c1-k3-anchor_score-b256,1,e3-c1-k3,256,11,15,0.8666666666666667,,0,1,1,0,2
e3-c1-k3-anchor_score-b1024,1,e3-c1-k3,1024,12,15,0.8666666666666667,,0,1,1,0,1
e3-c1-k3-witness_plus_detail-b256,1,e3-c1-k3,256,3,15,0.8666666666666667,,0,1,1,0,10
e3-c1-k3-witness_plus_detail-b1024,1,e3-c1-k3,1024,13,15,0.8666666666666667,,0,1,1,0,0
e0-c2-b256-witness_rerank,2,witness_rerank,256,10,239,,,0,0,0,0,229
e0-c2-b256-history_channel_portfolio,2,history_channel_portfolio,256,13,239,,,0,0,0,0,226
e0-c2-b1024-witness_rerank,2,witness_rerank,1024,16,239,,,0,0,0,0,223
e0-c2-b1024-history_channel_portfolio,2,history_channel_portfolio,1024,16,239,,,0,0,0,0,223
e2-c2-event-primary-b256,2,e2-c2-event-primary,256,14,239,0.058577405857740586,,0,0,225,0,0
e2-c2-event-primary-b1024,2,e2-c2-event-primary,1024,14,239,0.058577405857740586,,0,0,225,0,0
e2-c2-event-rrf-b256,2,e2-c2-event-rrf,256,14,239,0.07112970711297072,,0,0,222,0,3
e2-c2-event-rrf-b1024,2,e2-c2-event-rrf,1024,14,239,0.07112970711297072,,0,0,222,0,3
e2-c2-group-primary-b256,2,e2-c2-group-primary,256,14,239,0.058577405857740586,328318,0,0,225,0,0
e2-c2-group-primary-b1024,2,e2-c2-group-primary,1024,14,239,0.058577405857740586,328318,0,0,225,0,0
e2-c2-group-rrf-b256,2,e2-c2-group-rrf,256,14,239,0.058577405857740586,328410,0,0,225,0,0
e2-c2-group-rrf-b1024,2,e2-c2-group-rrf,1024,14,239,0.058577405857740586,328410,0,0,225,0,0
e3-c2-k1-edge_score-b256,2,e3-c2-k1,256,14,239,0.058577405857740586,,0,0,225,0,0
e3-c2-k1-edge_score-b1024,2,e3-c2-k1,1024,14,239,0.058577405857740586,,0,0,225,0,0
e3-c2-k1-anchor_score-b256,2,e3-c2-k1,256,14,239,0.058577405857740586,,0,0,225,0,0
e3-c2-k1-anchor_score-b1024,2,e3-c2-k1,1024,14,239,0.058577405857740586,,0,0,225,0,0
e3-c2-k1-witness_plus_detail-b256,2,e3-c2-k1,256,14,239,0.058577405857740586,,0,0,225,0,0
e3-c2-k1-witness_plus_detail-b1024,2,e3-c2-k1,1024,14,239,0.058577405857740586,,0,0,225,0,0
e3-c2-k3-edge_score-b256,2,e3-c2-k3,256,14,239,0.058577405857740586,,0,0,225,0,0
e3-c2-k3-edge_score-b1024,2,e3-c2-k3,1024,14,239,0.058577405857740586,,0,0,225,0,0
e3-c2-k3-anchor_score-b256,2,e3-c2-k3,256,14,239,0.058577405857740586,,0,0,225,0,0
e3-c2-k3-anchor_score-b1024,2,e3-c2-k3,1024,14,239,0.058577405857740586,,0,0,225,0,0
e3-c2-k3-witness_plus_detail-b256,2,e3-c2-k3,256,14,239,0.058577405857740586,,0,0,225,0,0
e3-c2-k3-witness_plus_detail-b1024,2,e3-c2-k3,1024,14,239,0.058577405857740586,,0,0,225,0,0
e0-c3-b256-witness_rerank,3,witness_rerank,256,118,229,,,0,0,0,0,111
e0-c3-b256-history_channel_portfolio,3,history_channel_portfolio,256,122,229,,,0,0,0,0,107
e0-c3-b1024-witness_rerank,3,witness_rerank,1024,229,229,,,0,0,0,0,0
e0-c3-b1024-history_channel_portfolio,3,history_channel_portfolio,1024,227,229,,,0,0,0,0,2
e2-c3-event-primary-b256,3,e2-c3-event-primary,256,227,229,1.0,,0,0,0,0,2
e2-c3-event-primary-b1024,3,e2-c3-event-primary,1024,227,229,1.0,,0,0,0,0,2
e2-c3-event-rrf-b256,3,e2-c3-event-rrf,256,227,229,1.0,,0,0,0,0,2
e2-c3-event-rrf-b1024,3,e2-c3-event-rrf,1024,227,229,1.0,,0,0,0,0,2
e2-c3-group-primary-b256,3,e2-c3-group-primary,256,227,229,1.0,327681,0,0,0,0,2
e2-c3-group-primary-b1024,3,e2-c3-group-primary,1024,227,229,1.0,327681,0,0,0,0,2
e2-c3-group-rrf-b256,3,e2-c3-group-rrf,256,227,229,1.0,327680,0,0,0,0,2
e2-c3-group-rrf-b1024,3,e2-c3-group-rrf,1024,227,229,1.0,327680,0,0,0,0,2
e3-c3-k1-edge_score-b256,3,e3-c3-k1,256,227,229,1.0,,0,0,0,0,2
e3-c3-k1-edge_score-b1024,3,e3-c3-k1,1024,229,229,1.0,,0,0,0,0,0
e3-c3-k1-anchor_score-b256,3,e3-c3-k1,256,227,229,1.0,,0,0,0,0,2
e3-c3-k1-anchor_score-b1024,3,e3-c3-k1,1024,229,229,1.0,,0,0,0,0,0
e3-c3-k1-witness_plus_detail-b256,3,e3-c3-k1,256,7,229,1.0,,0,0,0,0,222
e3-c3-k1-witness_plus_detail-b1024,3,e3-c3-k1,1024,229,229,1.0,,0,0,0,0,0
e3-c3-k3-edge_score-b256,3,e3-c3-k3,256,227,229,1.0,,0,0,0,0,2
e3-c3-k3-edge_score-b1024,3,e3-c3-k3,1024,229,229,1.0,,0,0,0,0,0
e3-c3-k3-anchor_score-b256,3,e3-c3-k3,256,227,229,1.0,,0,0,0,0,2
e3-c3-k3-anchor_score-b1024,3,e3-c3-k3,1024,229,229,1.0,,0,0,0,0,0
e3-c3-k3-witness_plus_detail-b256,3,e3-c3-k3,256,7,229,1.0,,0,0,0,0,222
e3-c3-k3-witness_plus_detail-b1024,3,e3-c3-k3,1024,229,229,1.0,,0,0,0,0,0
e0-c4-b256-witness_rerank,4,witness_rerank,256,26,31,,,0,2,0,0,3
e0-c4-b256-history_channel_portfolio,4,history_channel_portfolio,256,27,31,,,0,2,0,0,2
e0-c4-b1024-witness_rerank,4,witness_rerank,1024,29,31,,,0,2,0,0,0
e0-c4-b1024-history_channel_portfolio,4,history_channel_portfolio,1024,29,31,,,0,2,0,0,0
e2-c4-event-primary-b256,4,e2-c4-event-primary,256,25,31,0.9354838709677419,,0,2,0,0,4
e2-c4-event-primary-b1024,4,e2-c4-event-primary,1024,26,31,0.9354838709677419,,0,2,0,0,3
e2-c4-event-rrf-b256,4,e2-c4-event-rrf,256,25,31,0.9354838709677419,,0,2,0,0,4
e2-c4-event-rrf-b1024,4,e2-c4-event-rrf,1024,26,31,0.9354838709677419,,0,2,0,0,3
e2-c4-group-primary-b256,4,e2-c4-group-primary,256,25,31,0.9354838709677419,137762,0,2,0,0,4
e2-c4-group-primary-b1024,4,e2-c4-group-primary,1024,26,31,0.9354838709677419,137762,0,2,0,0,3
e2-c4-group-rrf-b256,4,e2-c4-group-rrf,256,25,31,0.9354838709677419,137762,0,2,0,0,4
e2-c4-group-rrf-b1024,4,e2-c4-group-rrf,1024,26,31,0.9354838709677419,137762,0,2,0,0,3
e3-c4-k1-edge_score-b256,4,e3-c4-k1,256,25,31,0.9354838709677419,,0,2,0,0,4
e3-c4-k1-edge_score-b1024,4,e3-c4-k1,1024,26,31,0.9354838709677419,,0,2,0,0,3
e3-c4-k1-anchor_score-b256,4,e3-c4-k1,256,24,31,0.9354838709677419,,0,2,0,0,5
e3-c4-k1-anchor_score-b1024,4,e3-c4-k1,1024,26,31,0.9354838709677419,,0,2,0,0,3
e3-c4-k1-witness_plus_detail-b256,4,e3-c4-k1,256,26,31,0.9354838709677419,,0,2,0,0,3
e3-c4-k1-witness_plus_detail-b1024,4,e3-c4-k1,1024,27,31,0.9354838709677419,,0,2,0,0,2
e3-c4-k3-edge_score-b256,4,e3-c4-k3,256,25,31,0.9354838709677419,,0,2,0,0,4
e3-c4-k3-edge_score-b1024,4,e3-c4-k3,1024,26,31,0.9354838709677419,,0,2,0,0,3
e3-c4-k3-anchor_score-b256,4,e3-c4-k3,256,25,31,0.9354838709677419,,0,2,0,0,4
e3-c4-k3-anchor_score-b1024,4,e3-c4-k3,1024,26,31,0.9354838709677419,,0,2,0,0,3
e3-c4-k3-witness_plus_detail-b256,4,e3-c4-k3,256,26,31,0.9354838709677419,,0,2,0,0,3
e3-c4-k3-witness_plus_detail-b1024,4,e3-c4-k3,1024,27,31,0.9354838709677419,,0,2,0,0,2
