case_index,k,budget,pool_sha256,status,incumbent_tp,upper_bound_tp,selected_events,solver_status,solver_message,gap,seconds,n_variables,n_constraints,n_actions,n_pool_events,scope
0,1,256,f5372aa018a4d20633798fdc08fc3689f7d1453403727b94fcfbd7b7840e3af1,optimal,18,18.0,18,0,Optimization terminated successfully. (HiGHS Status 7: Optimal),0.0,0.7048939168453217,16517,50587,8192,8325,finite_pool_known_positive_label_oracle
0,1,1024,f5372aa018a4d20633798fdc08fc3689f7d1453403727b94fcfbd7b7840e3af1,optimal,18,18.0,18,0,Optimization terminated successfully. (HiGHS Status 7: Optimal),0.0,0.6796595752239227,16517,50587,8192,8325,finite_pool_known_positive_label_oracle
0,3,256,7da63125a61cd9e98dc377786ed188e5fba437dad12feaecb885a88736c54841,optimal,18,18.0,19,0,Optimization terminated successfully. (HiGHS Status 7: Optimal),0.0,2.026196029037237,33125,148472,24529,8596,finite_pool_known_positive_label_oracle
0,3,1024,7da63125a61cd9e98dc377786ed188e5fba437dad12feaecb885a88736c54841,optimal,18,18.0,19,0,Optimization terminated successfully. (HiGHS Status 7: Optimal),0.0,1.989016555249691,33125,148472,24529,8596,finite_pool_known_positive_label_oracle
1,1,256,2ae74b4e668ca5744039f739c69da29066b341e561b426e1ad77fc02244cdc66,optimal,13,13.0,16,0,Optimization terminated successfully. (HiGHS Status 7: Optimal),0.0,1.487279411405325,16408,35627,8192,8216,finite_pool_known_positive_label_oracle
1,1,1024,2ae74b4e668ca5744039f739c69da29066b341e561b426e1ad77fc02244cdc66,optimal,13,13.0,16,0,Optimization terminated successfully. (HiGHS Status 7: Optimal),0.0,1.4758184999227524,16408,35627,8192,8216,finite_pool_known_positive_label_oracle
1,3,256,beea2ae0f74ca57ca0fa1fbd6240efcb4977ff4f74c83fbb36c767ff025211ce,optimal,13,13.0,16,0,Optimization terminated successfully. (HiGHS Status 7: Optimal),0.0,1.8611889593303204,32847,107438,24512,8335,finite_pool_known_positive_label_oracle
1,3,1024,beea2ae0f74ca57ca0fa1fbd6240efcb4977ff4f74c83fbb36c767ff025211ce,optimal,13,13.0,16,0,Optimization terminated successfully. (HiGHS Status 7: Optimal),0.0,1.8209968097507954,32847,107438,24512,8335,finite_pool_known_positive_label_oracle
2,1,256,6895166d468e96a67d73549b9515ae69c7becfec4d94a9366ce148d2edbbc1db,optimal,14,14.0,16,0,Optimization terminated successfully. (HiGHS Status 7: Optimal),0.0,1.5782789289951324,16437,38555,8192,8245,finite_pool_known_positive_label_oracle
2,1,1024,6895166d468e96a67d73549b9515ae69c7becfec4d94a9366ce148d2edbbc1db,optimal,14,14.0,16,0,Optimization terminated successfully. (HiGHS Status 7: Optimal),0.0,1.5713920518755913,16437,38555,8192,8245,finite_pool_known_positive_label_oracle
2,3,256,67b06a9dff931aba5a8cd298c53b178d69908be066aac076c3404270179a373d,optimal,14,14.0,14,0,Optimization terminated successfully. (HiGHS Status 7: Optimal),0.0,1.084992628544569,32848,108905,24546,8302,finite_pool_known_positive_label_oracle
2,3,1024,67b06a9dff931aba5a8cd298c53b178d69908be066aac076c3404270179a373d,optimal,14,14.0,14,0,Optimization terminated successfully. (HiGHS Status 7: Optimal),0.0,1.078538965433836,32848,108905,24546,8302,finite_pool_known_positive_label_oracle
3,1,256,cc7d2b3d1c5e4889c37417870f70d77638844a7b4e46c8a4cb99ee010a7c14b6,optimal,229,229.0,230,0,Optimization terminated successfully. (HiGHS Status 7: Optimal),0.0,0.15283480286598206,16428,26747,8192,8236,finite_pool_known_positive_label_oracle
3,1,1024,cc7d2b3d1c5e4889c37417870f70d77638844a7b4e46c8a4cb99ee010a7c14b6,optimal,229,229.0,230,0,Optimization terminated successfully. (HiGHS Status 7: Optimal),0.0,0.1468912772834301,16428,26747,8192,8236,finite_pool_known_positive_label_oracle
3,3,256,d82af6bd7c6301a8019401a46f6643c0971c24e01a5d1c9b4e40ff3b118e0f8a,optimal,229,229.0,229,0,Optimization terminated successfully. (HiGHS Status 7: Optimal),0.0,2.015347335487604,32824,91845,24537,8287,finite_pool_known_positive_label_oracle
3,3,1024,d82af6bd7c6301a8019401a46f6643c0971c24e01a5d1c9b4e40ff3b118e0f8a,optimal,229,229.0,229,0,Optimization terminated successfully. (HiGHS Status 7: Optimal),0.0,2.020999800413847,32824,91845,24537,8287,finite_pool_known_positive_label_oracle
4,1,256,ed1011cdbe4ec81c17f7324cb4fc4c1a00f14e1f03721a8473ee3725fa0024ce,optimal,29,29.0,30,0,Optimization terminated successfully. (HiGHS Status 7: Optimal),0.0,3.216495655477047,16384,32752,8192,8192,finite_pool_known_positive_label_oracle
4,1,1024,ed1011cdbe4ec81c17f7324cb4fc4c1a00f14e1f03721a8473ee3725fa0024ce,optimal,29,29.0,30,0,Optimization terminated successfully. (HiGHS Status 7: Optimal),0.0,3.324333757162094,16384,32752,8192,8192,finite_pool_known_positive_label_oracle
4,3,256,7f16a2e08b50ad70efc6b89e575f5dadf0ae8336e51c2b87c18d29746c427ef7,optimal,29,29.0,31,0,Optimization terminated successfully. (HiGHS Status 7: Optimal),0.0,1.7768228240311146,32416,103534,24224,8192,finite_pool_known_positive_label_oracle
4,3,1024,7f16a2e08b50ad70efc6b89e575f5dadf0ae8336e51c2b87c18d29746c427ef7,optimal,29,29.0,31,0,Optimization terminated successfully. (HiGHS Status 7: Optimal),0.0,1.7947569079697132,32416,103534,24224,8192,finite_pool_known_positive_label_oracle
