run_id,dataset,campaign_id,case_id,split,method,baseline_status,track,budget,seed,scoring_id,candidate_policy,pool_hash,path_contract_hash,objective,n_group_refs,n_potential_members,n_materialized_events,n_executable_anchors,n_witnesses,n_selected_ledger,n_selected_cdm,n_selected_synthetic,witness_complete,time_path_validity,objective_value,solver_bound,solver_gap,history_fallback_rate,cold_seconds,warm_seconds,selection_seconds,peak_rss_mib,status,source_hash,config_hash,input_hash,components,poi_component_fraction,temporal_fork_fraction,budget_utilization,tp_known,recall_known,precision_proxy,f1_proxy,proxy_fp,proxy_fn,proxy_tn,group_any,group_full,groups_hit,groups_total,group_full_hit,stages_hit,stages_total,recall_incremental,mandatory_positive,official_equivalent
e0-c0-b256-witness_rerank,DARPA TC E3,Five Dir Case 1,0,development,witness_rerank,native_reproduced,poi_only,256,,v4_original,,,98dddd525f26b637ffb348f81fca12534c25b4ff8b49db9cf6413e434a5bbb31,legacy_portfolio,,,,,,256,249,7,,,,,,0.8538102377015251,,,0.13008803129196167,451.18359375,ok,55e927d21458711f13ab548263f2cb3f892d07ad2ec397def2e7327f06a2279d,f43b0e32dc190de6614487043679523b25c5afa4c1acdba1a8632a400ad30157,27ac808c4875ff7bc212cd44d0b82e081fc4f0279cf13a9508eab91fadcb7eb2,1,1.0,1.0,1.0,20,0.5263157894736842,0.078125,0.1360544217687075,236,18,465983,0.4444444444444444,0.4444444444444444,4,9,4,3,3,0.5135135135135135,1,"{""fp"": null, ""fn"": null, ""precision"": null, ""recall"": null, ""f1"": null}"
e0-c0-b256-history_channel_portfolio,DARPA TC E3,Five Dir Case 1,0,development,history_channel_portfolio,native_reproduced,poi_only,256,,v6_history_channel,,,98dddd525f26b637ffb348f81fca12534c25b4ff8b49db9cf6413e434a5bbb31,legacy_portfolio,,,,,,256,249,7,,,,,,0.8538102377015251,,,0.12367558479309082,451.18359375,ok,55e927d21458711f13ab548263f2cb3f892d07ad2ec397def2e7327f06a2279d,f43b0e32dc190de6614487043679523b25c5afa4c1acdba1a8632a400ad30157,27ac808c4875ff7bc212cd44d0b82e081fc4f0279cf13a9508eab91fadcb7eb2,1,1.0,1.0,1.0,27,0.7105263157894737,0.10546875,0.1836734693877551,229,11,465990,0.6666666666666666,0.5555555555555556,6,9,5,3,3,0.7027027027027027,1,"{""fp"": null, ""fn"": null, ""precision"": null, ""recall"": null, ""f1"": null}"
e0-c0-b1024-witness_rerank,DARPA TC E3,Five Dir Case 1,0,development,witness_rerank,native_reproduced,poi_only,1024,,v4_original,,,98dddd525f26b637ffb348f81fca12534c25b4ff8b49db9cf6413e434a5bbb31,legacy_portfolio,,,,,,1024,999,25,,,,,,0.8538102377015251,,,0.13014040887355804,451.18359375,ok,55e927d21458711f13ab548263f2cb3f892d07ad2ec397def2e7327f06a2279d,f43b0e32dc190de6614487043679523b25c5afa4c1acdba1a8632a400ad30157,27ac808c4875ff7bc212cd44d0b82e081fc4f0279cf13a9508eab91fadcb7eb2,1,1.0,1.0,1.0,21,0.5526315789473685,0.0205078125,0.03954802259887006,1003,17,465216,0.5555555555555556,0.5555555555555556,5,9,5,3,3,0.5405405405405406,1,"{""fp"": null, ""fn"": null, ""precision"": null, ""recall"": null, ""f1"": null}"
e0-c0-b1024-history_channel_portfolio,DARPA TC E3,Five Dir Case 1,0,development,history_channel_portfolio,native_reproduced,poi_only,1024,,v6_history_channel,,,98dddd525f26b637ffb348f81fca12534c25b4ff8b49db9cf6413e434a5bbb31,legacy_portfolio,,,,,,1024,1000,24,,,,,,0.8538102377015251,,,0.12713393196463585,451.18359375,ok,55e927d21458711f13ab548263f2cb3f892d07ad2ec397def2e7327f06a2279d,f43b0e32dc190de6614487043679523b25c5afa4c1acdba1a8632a400ad30157,27ac808c4875ff7bc212cd44d0b82e081fc4f0279cf13a9508eab91fadcb7eb2,1,1.0,1.0,1.0,35,0.9210526315789473,0.0341796875,0.06591337099811675,989,3,465230,0.7777777777777778,0.7777777777777778,7,9,7,3,3,0.918918918918919,1,"{""fp"": null, ""fn"": null, ""precision"": null, ""recall"": null, ""f1"": null}"
e2-c0-event-primary-b256,DARPA TC E3,Five Dir Case 1,0,development,e2-c0-event-primary,native_new,poi_only,256,,v6_history_channel,event,d09532d42307f0f99fdfe7c761a9f7ba81bdbfe3b1ed480b0979409bfc4087c9,98dddd525f26b637ffb348f81fca12534c25b4ff8b49db9cf6413e434a5bbb31,edge_score,0,327680,32768,32768,32768,256,256,0,,1.0,200.152857289443,,,0.8538102377015251,,,0.4753425009548664,451.18359375,ok,55e927d21458711f13ab548263f2cb3f892d07ad2ec397def2e7327f06a2279d,f43b0e32dc190de6614487043679523b25c5afa4c1acdba1a8632a400ad30157,27ac808c4875ff7bc212cd44d0b82e081fc4f0279cf13a9508eab91fadcb7eb2,1,1.0,1.0,1.0,18,0.47368421052631576,0.0703125,0.12244897959183673,238,20,465981,0.2222222222222222,0.2222222222222222,2,9,2,1,3,0.4594594594594595,1,"{""fp"": null, ""fn"": null, ""precision"": null, ""recall"": null, ""f1"": null}"
e2-c0-event-primary-b1024,DARPA TC E3,Five Dir Case 1,0,development,e2-c0-event-primary,native_new,poi_only,1024,,v6_history_channel,event,d09532d42307f0f99fdfe7c761a9f7ba81bdbfe3b1ed480b0979409bfc4087c9,98dddd525f26b637ffb348f81fca12534c25b4ff8b49db9cf6413e434a5bbb31,edge_score,0,327680,32768,32768,32768,1024,1023,1,,1.0,685.8322001019777,,,0.8538102377015251,,,0.6780078858137131,451.18359375,ok,55e927d21458711f13ab548263f2cb3f892d07ad2ec397def2e7327f06a2279d,f43b0e32dc190de6614487043679523b25c5afa4c1acdba1a8632a400ad30157,27ac808c4875ff7bc212cd44d0b82e081fc4f0279cf13a9508eab91fadcb7eb2,1,1.0,1.0,1.0,18,0.47368421052631576,0.017578125,0.03389830508474576,1006,20,465213,0.2222222222222222,0.2222222222222222,2,9,2,1,3,0.4594594594594595,1,"{""fp"": null, ""fn"": null, ""precision"": null, ""recall"": null, ""f1"": null}"
e2-c0-event-rrf-b256,DARPA TC E3,Five Dir Case 1,0,development,e2-c0-event-rrf,native_new,poi_only,256,,v6_history_channel,event,2f17f19089beba4d77821e4c6d49d703bab61fbfc74844e11be9fe69726a6292,98dddd525f26b637ffb348f81fca12534c25b4ff8b49db9cf6413e434a5bbb31,edge_score,0,327680,32768,32708,32708,256,256,0,,1.0,200.15285728944298,,,0.8538102377015251,,,0.48038899526000023,451.18359375,ok,55e927d21458711f13ab548263f2cb3f892d07ad2ec397def2e7327f06a2279d,f43b0e32dc190de6614487043679523b25c5afa4c1acdba1a8632a400ad30157,27ac808c4875ff7bc212cd44d0b82e081fc4f0279cf13a9508eab91fadcb7eb2,1,1.0,1.0,1.0,18,0.47368421052631576,0.0703125,0.12244897959183673,238,20,465981,0.2222222222222222,0.2222222222222222,2,9,2,1,3,0.4594594594594595,1,"{""fp"": null, ""fn"": null, ""precision"": null, ""recall"": null, ""f1"": null}"
e2-c0-event-rrf-b1024,DARPA TC E3,Five Dir Case 1,0,development,e2-c0-event-rrf,native_new,poi_only,1024,,v6_history_channel,event,2f17f19089beba4d77821e4c6d49d703bab61fbfc74844e11be9fe69726a6292,98dddd525f26b637ffb348f81fca12534c25b4ff8b49db9cf6413e434a5bbb31,edge_score,0,327680,32768,32708,32708,1024,1023,1,,1.0,685.8322001019777,,,0.8538102377015251,,,0.6558610536158085,451.18359375,ok,55e927d21458711f13ab548263f2cb3f892d07ad2ec397def2e7327f06a2279d,f43b0e32dc190de6614487043679523b25c5afa4c1acdba1a8632a400ad30157,27ac808c4875ff7bc212cd44d0b82e081fc4f0279cf13a9508eab91fadcb7eb2,1,1.0,1.0,1.0,18,0.47368421052631576,0.017578125,0.03389830508474576,1006,20,465213,0.2222222222222222,0.2222222222222222,2,9,2,1,3,0.4594594594594595,1,"{""fp"": null, ""fn"": null, ""precision"": null, ""recall"": null, ""f1"": null}"
e2-c0-group-primary-b256,DARPA TC E3,Five Dir Case 1,0,development,e2-c0-group-primary,native_new,poi_only,256,,v6_history_channel,group,34ddd52761bc07ef3174d96ed42d7e1b0df63e166e58ebd7f97e75edc3e33763,98dddd525f26b637ffb348f81fca12534c25b4ff8b49db9cf6413e434a5bbb31,edge_score,54415,327839,32768,32768,32768,256,256,0,,1.0,200.15285728944298,,,0.8538102377015251,,,0.4196804128587246,451.18359375,ok,55e927d21458711f13ab548263f2cb3f892d07ad2ec397def2e7327f06a2279d,f43b0e32dc190de6614487043679523b25c5afa4c1acdba1a8632a400ad30157,27ac808c4875ff7bc212cd44d0b82e081fc4f0279cf13a9508eab91fadcb7eb2,1,1.0,1.0,1.0,18,0.47368421052631576,0.0703125,0.12244897959183673,238,20,465981,0.2222222222222222,0.2222222222222222,2,9,2,1,3,0.4594594594594595,1,"{""fp"": null, ""fn"": null, ""precision"": null, ""recall"": null, ""f1"": null}"
e2-c0-group-primary-b1024,DARPA TC E3,Five Dir Case 1,0,development,e2-c0-group-primary,native_new,poi_only,1024,,v6_history_channel,group,34ddd52761bc07ef3174d96ed42d7e1b0df63e166e58ebd7f97e75edc3e33763,98dddd525f26b637ffb348f81fca12534c25b4ff8b49db9cf6413e434a5bbb31,edge_score,54415,327839,32768,32768,32768,1024,1023,1,,1.0,685.8322001019777,,,0.8538102377015251,,,0.6703432574868202,451.18359375,ok,55e927d21458711f13ab548263f2cb3f892d07ad2ec397def2e7327f06a2279d,f43b0e32dc190de6614487043679523b25c5afa4c1acdba1a8632a400ad30157,27ac808c4875ff7bc212cd44d0b82e081fc4f0279cf13a9508eab91fadcb7eb2,1,1.0,1.0,1.0,18,0.47368421052631576,0.017578125,0.03389830508474576,1006,20,465213,0.2222222222222222,0.2222222222222222,2,9,2,1,3,0.4594594594594595,1,"{""fp"": null, ""fn"": null, ""precision"": null, ""recall"": null, ""f1"": null}"
e2-c0-group-rrf-b256,DARPA TC E3,Five Dir Case 1,0,development,e2-c0-group-rrf,native_new,poi_only,256,,v6_history_channel,group,92ed8f7d1b414e327b41f2ce06f97b4a99ff62ed53949486949b9de9a67f3d4d,98dddd525f26b637ffb348f81fca12534c25b4ff8b49db9cf6413e434a5bbb31,edge_score,57057,327680,32768,32753,32753,256,256,0,,1.0,200.15285728944298,,,0.8538102377015251,,,0.5079975798726082,451.18359375,ok,55e927d21458711f13ab548263f2cb3f892d07ad2ec397def2e7327f06a2279d,f43b0e32dc190de6614487043679523b25c5afa4c1acdba1a8632a400ad30157,27ac808c4875ff7bc212cd44d0b82e081fc4f0279cf13a9508eab91fadcb7eb2,1,1.0,1.0,1.0,18,0.47368421052631576,0.0703125,0.12244897959183673,238,20,465981,0.2222222222222222,0.2222222222222222,2,9,2,1,3,0.4594594594594595,1,"{""fp"": null, ""fn"": null, ""precision"": null, ""recall"": null, ""f1"": null}"
e2-c0-group-rrf-b1024,DARPA TC E3,Five Dir Case 1,0,development,e2-c0-group-rrf,native_new,poi_only,1024,,v6_history_channel,group,92ed8f7d1b414e327b41f2ce06f97b4a99ff62ed53949486949b9de9a67f3d4d,98dddd525f26b637ffb348f81fca12534c25b4ff8b49db9cf6413e434a5bbb31,edge_score,57057,327680,32768,32753,32753,1024,1023,1,,1.0,685.8322001019777,,,0.8538102377015251,,,0.6676670648157597,451.18359375,ok,55e927d21458711f13ab548263f2cb3f892d07ad2ec397def2e7327f06a2279d,f43b0e32dc190de6614487043679523b25c5afa4c1acdba1a8632a400ad30157,27ac808c4875ff7bc212cd44d0b82e081fc4f0279cf13a9508eab91fadcb7eb2,1,1.0,1.0,1.0,18,0.47368421052631576,0.017578125,0.03389830508474576,1006,20,465213,0.2222222222222222,0.2222222222222222,2,9,2,1,3,0.4594594594594595,1,"{""fp"": null, ""fn"": null, ""precision"": null, ""recall"": null, ""f1"": null}"
e3-c0-k1-edge_score-b256,DARPA TC E3,Five Dir Case 1,0,development,e3-c0-k1,native_new,poi_only,256,,v6_history_channel,,f5372aa018a4d20633798fdc08fc3689f7d1453403727b94fcfbd7b7840e3af1,98dddd525f26b637ffb348f81fca12534c25b4ff8b49db9cf6413e434a5bbb31,edge_score,,,8325,8192,8192,256,256,0,,1.0,200.23749588253554,,,0.8538102377015251,,,0.1105223149061203,451.18359375,ok,55e927d21458711f13ab548263f2cb3f892d07ad2ec397def2e7327f06a2279d,f43b0e32dc190de6614487043679523b25c5afa4c1acdba1a8632a400ad30157,27ac808c4875ff7bc212cd44d0b82e081fc4f0279cf13a9508eab91fadcb7eb2,1,1.0,1.0,1.0,18,0.47368421052631576,0.0703125,0.12244897959183673,238,20,465981,0.2222222222222222,0.2222222222222222,2,9,2,1,3,0.4594594594594595,1,"{""fp"": null, ""fn"": null, ""precision"": null, ""recall"": null, ""f1"": null}"
e3-c0-k1-edge_score-b1024,DARPA TC E3,Five Dir Case 1,0,development,e3-c0-k1,native_new,poi_only,1024,,v6_history_channel,,f5372aa018a4d20633798fdc08fc3689f7d1453403727b94fcfbd7b7840e3af1,98dddd525f26b637ffb348f81fca12534c25b4ff8b49db9cf6413e434a5bbb31,edge_score,,,8325,8192,8192,1024,1023,1,,1.0,606.7119787147515,,,0.8538102377015251,,,0.171076200902462,451.18359375,ok,55e927d21458711f13ab548263f2cb3f892d07ad2ec397def2e7327f06a2279d,f43b0e32dc190de6614487043679523b25c5afa4c1acdba1a8632a400ad30157,27ac808c4875ff7bc212cd44d0b82e081fc4f0279cf13a9508eab91fadcb7eb2,1,1.0,1.0,1.0,18,0.47368421052631576,0.017578125,0.03389830508474576,1006,20,465213,0.2222222222222222,0.2222222222222222,2,9,2,1,3,0.4594594594594595,1,"{""fp"": null, ""fn"": null, ""precision"": null, ""recall"": null, ""f1"": null}"
e3-c0-k1-anchor_score-b256,DARPA TC E3,Five Dir Case 1,0,development,e3-c0-k1,native_new,poi_only,256,,v6_history_channel,,f5372aa018a4d20633798fdc08fc3689f7d1453403727b94fcfbd7b7840e3af1,98dddd525f26b637ffb348f81fca12534c25b4ff8b49db9cf6413e434a5bbb31,anchor_score,,,8325,8192,8192,256,256,0,,1.0,185.64405695090326,,,0.8538102377015251,,,0.11136491224169731,451.18359375,ok,55e927d21458711f13ab548263f2cb3f892d07ad2ec397def2e7327f06a2279d,f43b0e32dc190de6614487043679523b25c5afa4c1acdba1a8632a400ad30157,27ac808c4875ff7bc212cd44d0b82e081fc4f0279cf13a9508eab91fadcb7eb2,1,1.0,1.0,1.0,18,0.47368421052631576,0.0703125,0.12244897959183673,238,20,465981,0.2222222222222222,0.2222222222222222,2,9,2,1,3,0.4594594594594595,1,"{""fp"": null, ""fn"": null, ""precision"": null, ""recall"": null, ""f1"": null}"
e3-c0-k1-anchor_score-b1024,DARPA TC E3,Five Dir Case 1,0,development,e3-c0-k1,native_new,poi_only,1024,,v6_history_channel,,f5372aa018a4d20633798fdc08fc3689f7d1453403727b94fcfbd7b7840e3af1,98dddd525f26b637ffb348f81fca12534c25b4ff8b49db9cf6413e434a5bbb31,anchor_score,,,8325,8192,8192,1024,1023,1,,1.0,601.7522900085625,,,0.8538102377015251,,,0.21720534190535545,451.18359375,ok,55e927d21458711f13ab548263f2cb3f892d07ad2ec397def2e7327f06a2279d,f43b0e32dc190de6614487043679523b25c5afa4c1acdba1a8632a400ad30157,27ac808c4875ff7bc212cd44d0b82e081fc4f0279cf13a9508eab91fadcb7eb2,1,1.0,1.0,1.0,18,0.47368421052631576,0.017578125,0.03389830508474576,1006,20,465213,0.2222222222222222,0.2222222222222222,2,9,2,1,3,0.4594594594594595,1,"{""fp"": null, ""fn"": null, ""precision"": null, ""recall"": null, ""f1"": null}"
e3-c0-k1-witness_plus_detail-b256,DARPA TC E3,Five Dir Case 1,0,development,e3-c0-k1,native_new,poi_only,256,,v6_history_channel,,f5372aa018a4d20633798fdc08fc3689f7d1453403727b94fcfbd7b7840e3af1,98dddd525f26b637ffb348f81fca12534c25b4ff8b49db9cf6413e434a5bbb31,witness_plus_detail,,,8325,8192,8192,256,256,0,,1.0,1.209327827902484,,,0.8538102377015251,,,0.13949428498744965,451.18359375,ok,55e927d21458711f13ab548263f2cb3f892d07ad2ec397def2e7327f06a2279d,f43b0e32dc190de6614487043679523b25c5afa4c1acdba1a8632a400ad30157,27ac808c4875ff7bc212cd44d0b82e081fc4f0279cf13a9508eab91fadcb7eb2,1,1.0,1.0,1.0,4,0.10526315789473684,0.015625,0.027210884353741496,252,34,465967,0.2222222222222222,0.0,2,9,0,1,3,0.08108108108108109,1,"{""fp"": null, ""fn"": null, ""precision"": null, ""recall"": null, ""f1"": null}"
e3-c0-k1-witness_plus_detail-b1024,DARPA TC E3,Five Dir Case 1,0,development,e3-c0-k1,native_new,poi_only,1024,,v6_history_channel,,f5372aa018a4d20633798fdc08fc3689f7d1453403727b94fcfbd7b7840e3af1,98dddd525f26b637ffb348f81fca12534c25b4ff8b49db9cf6413e434a5bbb31,witness_plus_detail,,,8325,8192,8192,1024,1023,1,,1.0,1.7737992453295448,,,0.8538102377015251,,,0.26822690665721893,451.18359375,ok,55e927d21458711f13ab548263f2cb3f892d07ad2ec397def2e7327f06a2279d,f43b0e32dc190de6614487043679523b25c5afa4c1acdba1a8632a400ad30157,27ac808c4875ff7bc212cd44d0b82e081fc4f0279cf13a9508eab91fadcb7eb2,1,1.0,1.0,1.0,18,0.47368421052631576,0.017578125,0.03389830508474576,1006,20,465213,0.2222222222222222,0.2222222222222222,2,9,2,1,3,0.4594594594594595,1,"{""fp"": null, ""fn"": null, ""precision"": null, ""recall"": null, ""f1"": null}"
e3-c0-k3-edge_score-b256,DARPA TC E3,Five Dir Case 1,0,development,e3-c0-k3,native_new,poi_only,256,,v6_history_channel,,7da63125a61cd9e98dc377786ed188e5fba437dad12feaecb885a88736c54841,98dddd525f26b637ffb348f81fca12534c25b4ff8b49db9cf6413e434a5bbb31,edge_score,,,8596,8192,24529,256,256,0,,1.0,200.72871061473052,,,0.8538102377015251,,,0.3329114019870758,451.18359375,ok,55e927d21458711f13ab548263f2cb3f892d07ad2ec397def2e7327f06a2279d,f43b0e32dc190de6614487043679523b25c5afa4c1acdba1a8632a400ad30157,27ac808c4875ff7bc212cd44d0b82e081fc4f0279cf13a9508eab91fadcb7eb2,1,1.0,1.0,1.0,18,0.47368421052631576,0.0703125,0.12244897959183673,238,20,465981,0.2222222222222222,0.2222222222222222,2,9,2,1,3,0.4594594594594595,1,"{""fp"": null, ""fn"": null, ""precision"": null, ""recall"": null, ""f1"": null}"
e3-c0-k3-edge_score-b1024,DARPA TC E3,Five Dir Case 1,0,development,e3-c0-k3,native_new,poi_only,1024,,v6_history_channel,,7da63125a61cd9e98dc377786ed188e5fba437dad12feaecb885a88736c54841,98dddd525f26b637ffb348f81fca12534c25b4ff8b49db9cf6413e434a5bbb31,edge_score,,,8596,8192,24529,1024,1023,1,,1.0,607.4393925784937,,,0.8538102377015251,,,0.5032399222254753,451.18359375,ok,55e927d21458711f13ab548263f2cb3f892d07ad2ec397def2e7327f06a2279d,f43b0e32dc190de6614487043679523b25c5afa4c1acdba1a8632a400ad30157,27ac808c4875ff7bc212cd44d0b82e081fc4f0279cf13a9508eab91fadcb7eb2,1,1.0,1.0,1.0,18,0.47368421052631576,0.017578125,0.03389830508474576,1006,20,465213,0.2222222222222222,0.2222222222222222,2,9,2,1,3,0.4594594594594595,1,"{""fp"": null, ""fn"": null, ""precision"": null, ""recall"": null, ""f1"": null}"
e3-c0-k3-anchor_score-b256,DARPA TC E3,Five Dir Case 1,0,development,e3-c0-k3,native_new,poi_only,256,,v6_history_channel,,7da63125a61cd9e98dc377786ed188e5fba437dad12feaecb885a88736c54841,98dddd525f26b637ffb348f81fca12534c25b4ff8b49db9cf6413e434a5bbb31,anchor_score,,,8596,8192,24529,256,256,0,,1.0,200.72326337998012,,,0.8538102377015251,,,0.33741143345832825,451.18359375,ok,55e927d21458711f13ab548263f2cb3f892d07ad2ec397def2e7327f06a2279d,f43b0e32dc190de6614487043679523b25c5afa4c1acdba1a8632a400ad30157,27ac808c4875ff7bc212cd44d0b82e081fc4f0279cf13a9508eab91fadcb7eb2,1,1.0,1.0,1.0,18,0.47368421052631576,0.0703125,0.12244897959183673,238,20,465981,0.2222222222222222,0.2222222222222222,2,9,2,1,3,0.4594594594594595,1,"{""fp"": null, ""fn"": null, ""precision"": null, ""recall"": null, ""f1"": null}"
e3-c0-k3-anchor_score-b1024,DARPA TC E3,Five Dir Case 1,0,development,e3-c0-k3,native_new,poi_only,1024,,v6_history_channel,,7da63125a61cd9e98dc377786ed188e5fba437dad12feaecb885a88736c54841,98dddd525f26b637ffb348f81fca12534c25b4ff8b49db9cf6413e434a5bbb31,anchor_score,,,8596,8192,24529,1024,1023,1,,1.0,595.9666640895053,,,0.8538102377015251,,,0.5076024383306503,451.18359375,ok,55e927d21458711f13ab548263f2cb3f892d07ad2ec397def2e7327f06a2279d,f43b0e32dc190de6614487043679523b25c5afa4c1acdba1a8632a400ad30157,27ac808c4875ff7bc212cd44d0b82e081fc4f0279cf13a9508eab91fadcb7eb2,1,1.0,1.0,1.0,18,0.47368421052631576,0.017578125,0.03389830508474576,1006,20,465213,0.2222222222222222,0.2222222222222222,2,9,2,1,3,0.4594594594594595,1,"{""fp"": null, ""fn"": null, ""precision"": null, ""recall"": null, ""f1"": null}"
e3-c0-k3-witness_plus_detail-b256,DARPA TC E3,Five Dir Case 1,0,development,e3-c0-k3,native_new,poi_only,256,,v6_history_channel,,7da63125a61cd9e98dc377786ed188e5fba437dad12feaecb885a88736c54841,98dddd525f26b637ffb348f81fca12534c25b4ff8b49db9cf6413e434a5bbb31,witness_plus_detail,,,8596,8192,24529,256,256,0,,1.0,1.209327827902484,,,0.8538102377015251,,,0.43771324679255486,451.18359375,ok,55e927d21458711f13ab548263f2cb3f892d07ad2ec397def2e7327f06a2279d,f43b0e32dc190de6614487043679523b25c5afa4c1acdba1a8632a400ad30157,27ac808c4875ff7bc212cd44d0b82e081fc4f0279cf13a9508eab91fadcb7eb2,1,1.0,1.0,1.0,4,0.10526315789473684,0.015625,0.027210884353741496,252,34,465967,0.2222222222222222,0.0,2,9,0,1,3,0.08108108108108109,1,"{""fp"": null, ""fn"": null, ""precision"": null, ""recall"": null, ""f1"": null}"
e3-c0-k3-witness_plus_detail-b1024,DARPA TC E3,Five Dir Case 1,0,development,e3-c0-k3,native_new,poi_only,1024,,v6_history_channel,,7da63125a61cd9e98dc377786ed188e5fba437dad12feaecb885a88736c54841,98dddd525f26b637ffb348f81fca12534c25b4ff8b49db9cf6413e434a5bbb31,witness_plus_detail,,,8596,8192,24529,1024,1023,1,,1.0,1.7737992453295448,,,0.8538102377015251,,,0.8235594853758812,451.18359375,ok,55e927d21458711f13ab548263f2cb3f892d07ad2ec397def2e7327f06a2279d,f43b0e32dc190de6614487043679523b25c5afa4c1acdba1a8632a400ad30157,27ac808c4875ff7bc212cd44d0b82e081fc4f0279cf13a9508eab91fadcb7eb2,1,1.0,1.0,1.0,18,0.47368421052631576,0.017578125,0.03389830508474576,1006,20,465213,0.2222222222222222,0.2222222222222222,2,9,2,1,3,0.4594594594594595,1,"{""fp"": null, ""fn"": null, ""precision"": null, ""recall"": null, ""f1"": null}"
e0-c1-b256-witness_rerank,DARPA TC E3,Five Dir Case 3,1,development,witness_rerank,native_reproduced,poi_only,256,,v4_original,,,98dddd525f26b637ffb348f81fca12534c25b4ff8b49db9cf6413e434a5bbb31,legacy_portfolio,,,,,,256,251,5,,,,,,1.0,,,0.09183237329125404,427.95703125,ok,55e927d21458711f13ab548263f2cb3f892d07ad2ec397def2e7327f06a2279d,f43b0e32dc190de6614487043679523b25c5afa4c1acdba1a8632a400ad30157,e4a914988691c66b4ee83b0475c1193a0d1324843c32d0543031fa9c4e25f7dd,1,1.0,1.0,1.0,13,0.8666666666666667,0.05078125,0.0959409594095941,243,2,423987,0.7142857142857143,0.7142857142857143,5,7,5,2,3,0.8461538461538461,2,"{""fp"": null, ""fn"": null, ""precision"": null, ""recall"": null, ""f1"": null}"
e0-c1-b256-history_channel_portfolio,DARPA TC E3,Five Dir Case 3,1,development,history_channel_portfolio,native_reproduced,poi_only,256,,v6_history_channel,,,98dddd525f26b637ffb348f81fca12534c25b4ff8b49db9cf6413e434a5bbb31,legacy_portfolio,,,,,,256,251,5,,,,,,1.0,,,0.08774522691965103,427.95703125,ok,55e927d21458711f13ab548263f2cb3f892d07ad2ec397def2e7327f06a2279d,f43b0e32dc190de6614487043679523b25c5afa4c1acdba1a8632a400ad30157,e4a914988691c66b4ee83b0475c1193a0d1324843c32d0543031fa9c4e25f7dd,1,1.0,1.0,1.0,13,0.8666666666666667,0.05078125,0.0959409594095941,243,2,423987,0.7142857142857143,0.7142857142857143,5,7,5,2,3,0.8461538461538461,2,"{""fp"": null, ""fn"": null, ""precision"": null, ""recall"": null, ""f1"": null}"
e0-c1-b1024-witness_rerank,DARPA TC E3,Five Dir Case 3,1,development,witness_rerank,native_reproduced,poi_only,1024,,v4_original,,,98dddd525f26b637ffb348f81fca12534c25b4ff8b49db9cf6413e434a5bbb31,legacy_portfolio,,,,,,1024,998,26,,,,,,1.0,,,0.0937797985970974,427.95703125,ok,55e927d21458711f13ab548263f2cb3f892d07ad2ec397def2e7327f06a2279d,f43b0e32dc190de6614487043679523b25c5afa4c1acdba1a8632a400ad30157,e4a914988691c66b4ee83b0475c1193a0d1324843c32d0543031fa9c4e25f7dd,1,1.0,1.0,1.0,14,0.9333333333333333,0.013671875,0.026948989412897015,1010,1,423220,0.8571428571428571,0.8571428571428571,6,7,6,3,3,0.9230769230769231,2,"{""fp"": null, ""fn"": null, ""precision"": null, ""recall"": null, ""f1"": null}"
e0-c1-b1024-history_channel_portfolio,DARPA TC E3,Five Dir Case 3,1,development,history_channel_portfolio,native_reproduced,poi_only,1024,,v6_history_channel,,,98dddd525f26b637ffb348f81fca12534c25b4ff8b49db9cf6413e434a5bbb31,legacy_portfolio,,,,,,1024,1000,24,,,,,,1.0,,,0.09092152118682861,427.95703125,ok,55e927d21458711f13ab548263f2cb3f892d07ad2ec397def2e7327f06a2279d,f43b0e32dc190de6614487043679523b25c5afa4c1acdba1a8632a400ad30157,e4a914988691c66b4ee83b0475c1193a0d1324843c32d0543031fa9c4e25f7dd,1,1.0,1.0,1.0,14,0.9333333333333333,0.013671875,0.026948989412897015,1010,1,423220,0.8571428571428571,0.8571428571428571,6,7,6,3,3,0.9230769230769231,2,"{""fp"": null, ""fn"": null, ""precision"": null, ""recall"": null, ""f1"": null}"
e2-c1-event-primary-b256,DARPA TC E3,Five Dir Case 3,1,development,e2-c1-event-primary,native_new,poi_only,256,,v6_history_channel,event,65db9cbf0ff0c5dec2469757fd627682415845751db2358c9f66465213cc9cde,98dddd525f26b637ffb348f81fca12534c25b4ff8b49db9cf6413e434a5bbb31,edge_score,0,327680,32768,32768,32768,256,256,0,,1.0,214.98927207112575,,,1.0,,,0.3836779035627842,427.95703125,ok,55e927d21458711f13ab548263f2cb3f892d07ad2ec397def2e7327f06a2279d,f43b0e32dc190de6614487043679523b25c5afa4c1acdba1a8632a400ad30157,e4a914988691c66b4ee83b0475c1193a0d1324843c32d0543031fa9c4e25f7dd,2,1.0,1.0,1.0,11,0.7333333333333333,0.04296875,0.08118081180811808,245,4,423985,0.42857142857142855,0.42857142857142855,3,7,3,2,3,0.6923076923076923,2,"{""fp"": null, ""fn"": null, ""precision"": null, ""recall"": null, ""f1"": null}"
e2-c1-event-primary-b1024,DARPA TC E3,Five Dir Case 3,1,development,e2-c1-event-primary,native_new,poi_only,1024,,v6_history_channel,event,65db9cbf0ff0c5dec2469757fd627682415845751db2358c9f66465213cc9cde,98dddd525f26b637ffb348f81fca12534c25b4ff8b49db9cf6413e434a5bbb31,edge_score,0,327680,32768,32768,32768,1024,1023,1,,1.0,684.1352050315645,,,1.0,,,0.6350593082606792,427.95703125,ok,55e927d21458711f13ab548263f2cb3f892d07ad2ec397def2e7327f06a2279d,f43b0e32dc190de6614487043679523b25c5afa4c1acdba1a8632a400ad30157,e4a914988691c66b4ee83b0475c1193a0d1324843c32d0543031fa9c4e25f7dd,1,1.0,1.0,1.0,13,0.8666666666666667,0.0126953125,0.025024061597690085,1011,2,423219,0.7142857142857143,0.7142857142857143,5,7,5,2,3,0.8461538461538461,2,"{""fp"": null, ""fn"": null, ""precision"": null, ""recall"": null, ""f1"": null}"
e2-c1-event-rrf-b256,DARPA TC E3,Five Dir Case 3,1,development,e2-c1-event-rrf,native_new,poi_only,256,,v6_history_channel,event,ff007b25f06f6a5057691856e311488dfc8f586227a8f49d02a5411c1824b870,98dddd525f26b637ffb348f81fca12534c25b4ff8b49db9cf6413e434a5bbb31,edge_score,0,327680,32768,32739,32739,256,256,0,,1.0,214.98927207112575,,,1.0,,,0.35322604700922966,427.95703125,ok,55e927d21458711f13ab548263f2cb3f892d07ad2ec397def2e7327f06a2279d,f43b0e32dc190de6614487043679523b25c5afa4c1acdba1a8632a400ad30157,e4a914988691c66b4ee83b0475c1193a0d1324843c32d0543031fa9c4e25f7dd,2,1.0,1.0,1.0,11,0.7333333333333333,0.04296875,0.08118081180811808,245,4,423985,0.42857142857142855,0.42857142857142855,3,7,3,2,3,0.6923076923076923,2,"{""fp"": null, ""fn"": null, ""precision"": null, ""recall"": null, ""f1"": null}"
e2-c1-event-rrf-b1024,DARPA TC E3,Five Dir Case 3,1,development,e2-c1-event-rrf,native_new,poi_only,1024,,v6_history_channel,event,ff007b25f06f6a5057691856e311488dfc8f586227a8f49d02a5411c1824b870,98dddd525f26b637ffb348f81fca12534c25b4ff8b49db9cf6413e434a5bbb31,edge_score,0,327680,32768,32739,32739,1024,1023,1,,1.0,684.1352050315645,,,1.0,,,0.5755749754607677,427.95703125,ok,55e927d21458711f13ab548263f2cb3f892d07ad2ec397def2e7327f06a2279d,f43b0e32dc190de6614487043679523b25c5afa4c1acdba1a8632a400ad30157,e4a914988691c66b4ee83b0475c1193a0d1324843c32d0543031fa9c4e25f7dd,1,1.0,1.0,1.0,13,0.8666666666666667,0.0126953125,0.025024061597690085,1011,2,423219,0.7142857142857143,0.7142857142857143,5,7,5,2,3,0.8461538461538461,2,"{""fp"": null, ""fn"": null, ""precision"": null, ""recall"": null, ""f1"": null}"
e2-c1-group-primary-b256,DARPA TC E3,Five Dir Case 3,1,development,e2-c1-group-primary,native_new,poi_only,256,,v6_history_channel,group,60a72e3544997169155d2ef8bec3befde68c6b990783932a22d1ba5c9ec6d9d8,98dddd525f26b637ffb348f81fca12534c25b4ff8b49db9cf6413e434a5bbb31,edge_score,45919,327688,32768,32768,32768,256,256,0,,1.0,214.98927207112575,,,1.0,,,0.38333015516400337,427.95703125,ok,55e927d21458711f13ab548263f2cb3f892d07ad2ec397def2e7327f06a2279d,f43b0e32dc190de6614487043679523b25c5afa4c1acdba1a8632a400ad30157,e4a914988691c66b4ee83b0475c1193a0d1324843c32d0543031fa9c4e25f7dd,2,1.0,1.0,1.0,11,0.7333333333333333,0.04296875,0.08118081180811808,245,4,423985,0.42857142857142855,0.42857142857142855,3,7,3,2,3,0.6923076923076923,2,"{""fp"": null, ""fn"": null, ""precision"": null, ""recall"": null, ""f1"": null}"
e2-c1-group-primary-b1024,DARPA TC E3,Five Dir Case 3,1,development,e2-c1-group-primary,native_new,poi_only,1024,,v6_history_channel,group,60a72e3544997169155d2ef8bec3befde68c6b990783932a22d1ba5c9ec6d9d8,98dddd525f26b637ffb348f81fca12534c25b4ff8b49db9cf6413e434a5bbb31,edge_score,45919,327688,32768,32768,32768,1024,1023,1,,1.0,684.1352050315645,,,1.0,,,0.6321524120867252,427.95703125,ok,55e927d21458711f13ab548263f2cb3f892d07ad2ec397def2e7327f06a2279d,f43b0e32dc190de6614487043679523b25c5afa4c1acdba1a8632a400ad30157,e4a914988691c66b4ee83b0475c1193a0d1324843c32d0543031fa9c4e25f7dd,1,1.0,1.0,1.0,13,0.8666666666666667,0.0126953125,0.025024061597690085,1011,2,423219,0.7142857142857143,0.7142857142857143,5,7,5,2,3,0.8461538461538461,2,"{""fp"": null, ""fn"": null, ""precision"": null, ""recall"": null, ""f1"": null}"
e2-c1-group-rrf-b256,DARPA TC E3,Five Dir Case 3,1,development,e2-c1-group-rrf,native_new,poi_only,256,,v6_history_channel,group,a6b170584f12cffda5246de05be598aeda11e036248afd4e15658bd28506f486,98dddd525f26b637ffb348f81fca12534c25b4ff8b49db9cf6413e434a5bbb31,edge_score,57187,327743,32768,32766,32766,256,256,0,,1.0,214.98927207112575,,,1.0,,,0.3466130942106247,427.95703125,ok,55e927d21458711f13ab548263f2cb3f892d07ad2ec397def2e7327f06a2279d,f43b0e32dc190de6614487043679523b25c5afa4c1acdba1a8632a400ad30157,e4a914988691c66b4ee83b0475c1193a0d1324843c32d0543031fa9c4e25f7dd,2,1.0,1.0,1.0,11,0.7333333333333333,0.04296875,0.08118081180811808,245,4,423985,0.42857142857142855,0.42857142857142855,3,7,3,2,3,0.6923076923076923,2,"{""fp"": null, ""fn"": null, ""precision"": null, ""recall"": null, ""f1"": null}"
e2-c1-group-rrf-b1024,DARPA TC E3,Five Dir Case 3,1,development,e2-c1-group-rrf,native_new,poi_only,1024,,v6_history_channel,group,a6b170584f12cffda5246de05be598aeda11e036248afd4e15658bd28506f486,98dddd525f26b637ffb348f81fca12534c25b4ff8b49db9cf6413e434a5bbb31,edge_score,57187,327743,32768,32766,32766,1024,1023,1,,1.0,684.1352050315645,,,1.0,,,0.5299929305911064,427.95703125,ok,55e927d21458711f13ab548263f2cb3f892d07ad2ec397def2e7327f06a2279d,f43b0e32dc190de6614487043679523b25c5afa4c1acdba1a8632a400ad30157,e4a914988691c66b4ee83b0475c1193a0d1324843c32d0543031fa9c4e25f7dd,1,1.0,1.0,1.0,13,0.8666666666666667,0.0126953125,0.025024061597690085,1011,2,423219,0.7142857142857143,0.7142857142857143,5,7,5,2,3,0.8461538461538461,2,"{""fp"": null, ""fn"": null, ""precision"": null, ""recall"": null, ""f1"": null}"
e3-c1-k1-edge_score-b256,DARPA TC E3,Five Dir Case 3,1,development,e3-c1-k1,native_new,poi_only,256,,v6_history_channel,,2ae74b4e668ca5744039f739c69da29066b341e561b426e1ad77fc02244cdc66,98dddd525f26b637ffb348f81fca12534c25b4ff8b49db9cf6413e434a5bbb31,edge_score,,,8216,8192,8192,256,256,0,,1.0,214.98927207112575,,,1.0,,,0.07665557786822319,427.95703125,ok,55e927d21458711f13ab548263f2cb3f892d07ad2ec397def2e7327f06a2279d,f43b0e32dc190de6614487043679523b25c5afa4c1acdba1a8632a400ad30157,e4a914988691c66b4ee83b0475c1193a0d1324843c32d0543031fa9c4e25f7dd,2,1.0,1.0,1.0,11,0.7333333333333333,0.04296875,0.08118081180811808,245,4,423985,0.42857142857142855,0.42857142857142855,3,7,3,2,3,0.6923076923076923,2,"{""fp"": null, ""fn"": null, ""precision"": null, ""recall"": null, ""f1"": null}"
e3-c1-k1-edge_score-b1024,DARPA TC E3,Five Dir Case 3,1,development,e3-c1-k1,native_new,poi_only,1024,,v6_history_channel,,2ae74b4e668ca5744039f739c69da29066b341e561b426e1ad77fc02244cdc66,98dddd525f26b637ffb348f81fca12534c25b4ff8b49db9cf6413e434a5bbb31,edge_score,,,8216,8192,8192,1024,1023,1,,1.0,693.9002617563353,,,1.0,,,0.1417083479464054,427.95703125,ok,55e927d21458711f13ab548263f2cb3f892d07ad2ec397def2e7327f06a2279d,f43b0e32dc190de6614487043679523b25c5afa4c1acdba1a8632a400ad30157,e4a914988691c66b4ee83b0475c1193a0d1324843c32d0543031fa9c4e25f7dd,1,1.0,1.0,1.0,13,0.8666666666666667,0.0126953125,0.025024061597690085,1011,2,423219,0.7142857142857143,0.7142857142857143,5,7,5,2,3,0.8461538461538461,2,"{""fp"": null, ""fn"": null, ""precision"": null, ""recall"": null, ""f1"": null}"
e3-c1-k1-anchor_score-b256,DARPA TC E3,Five Dir Case 3,1,development,e3-c1-k1,native_new,poi_only,256,,v6_history_channel,,2ae74b4e668ca5744039f739c69da29066b341e561b426e1ad77fc02244cdc66,98dddd525f26b637ffb348f81fca12534c25b4ff8b49db9cf6413e434a5bbb31,anchor_score,,,8216,8192,8192,256,256,0,,1.0,214.98927207112573,,,1.0,,,0.07721817493438721,427.95703125,ok,55e927d21458711f13ab548263f2cb3f892d07ad2ec397def2e7327f06a2279d,f43b0e32dc190de6614487043679523b25c5afa4c1acdba1a8632a400ad30157,e4a914988691c66b4ee83b0475c1193a0d1324843c32d0543031fa9c4e25f7dd,2,1.0,1.0,1.0,11,0.7333333333333333,0.04296875,0.08118081180811808,245,4,423985,0.42857142857142855,0.42857142857142855,3,7,3,2,3,0.6923076923076923,2,"{""fp"": null, ""fn"": null, ""precision"": null, ""recall"": null, ""f1"": null}"
e3-c1-k1-anchor_score-b1024,DARPA TC E3,Five Dir Case 3,1,development,e3-c1-k1,native_new,poi_only,1024,,v6_history_channel,,2ae74b4e668ca5744039f739c69da29066b341e561b426e1ad77fc02244cdc66,98dddd525f26b637ffb348f81fca12534c25b4ff8b49db9cf6413e434a5bbb31,anchor_score,,,8216,8192,8192,1024,1022,2,,1.0,673.8111622544919,,,1.0,,,0.14446082338690758,427.95703125,ok,55e927d21458711f13ab548263f2cb3f892d07ad2ec397def2e7327f06a2279d,f43b0e32dc190de6614487043679523b25c5afa4c1acdba1a8632a400ad30157,e4a914988691c66b4ee83b0475c1193a0d1324843c32d0543031fa9c4e25f7dd,1,1.0,1.0,1.0,13,0.8666666666666667,0.0126953125,0.025024061597690085,1011,2,423219,0.7142857142857143,0.7142857142857143,5,7,5,2,3,0.8461538461538461,2,"{""fp"": null, ""fn"": null, ""precision"": null, ""recall"": null, ""f1"": null}"
e3-c1-k1-witness_plus_detail-b256,DARPA TC E3,Five Dir Case 3,1,development,e3-c1-k1,native_new,poi_only,256,,v6_history_channel,,2ae74b4e668ca5744039f739c69da29066b341e561b426e1ad77fc02244cdc66,98dddd525f26b637ffb348f81fca12534c25b4ff8b49db9cf6413e434a5bbb31,witness_plus_detail,,,8216,8192,8192,256,253,3,,1.0,1.1072932009817122,,,1.0,,,0.14830897748470306,427.95703125,ok,55e927d21458711f13ab548263f2cb3f892d07ad2ec397def2e7327f06a2279d,f43b0e32dc190de6614487043679523b25c5afa4c1acdba1a8632a400ad30157,e4a914988691c66b4ee83b0475c1193a0d1324843c32d0543031fa9c4e25f7dd,1,1.0,1.0,1.0,3,0.2,0.01171875,0.02214022140221402,253,12,423977,0.42857142857142855,0.2857142857142857,3,7,2,2,3,0.07692307692307693,2,"{""fp"": null, ""fn"": null, ""precision"": null, ""recall"": null, ""f1"": null}"
e3-c1-k1-witness_plus_detail-b1024,DARPA TC E3,Five Dir Case 3,1,development,e3-c1-k1,native_new,poi_only,1024,,v6_history_channel,,2ae74b4e668ca5744039f739c69da29066b341e561b426e1ad77fc02244cdc66,98dddd525f26b637ffb348f81fca12534c25b4ff8b49db9cf6413e434a5bbb31,witness_plus_detail,,,8216,8192,8192,1024,1020,4,,1.0,1.5199350025965046,,,1.0,,,0.25457457080483437,427.95703125,ok,55e927d21458711f13ab548263f2cb3f892d07ad2ec397def2e7327f06a2279d,f43b0e32dc190de6614487043679523b25c5afa4c1acdba1a8632a400ad30157,e4a914988691c66b4ee83b0475c1193a0d1324843c32d0543031fa9c4e25f7dd,1,1.0,1.0,1.0,13,0.8666666666666667,0.0126953125,0.025024061597690085,1011,2,423219,0.7142857142857143,0.7142857142857143,5,7,5,2,3,0.8461538461538461,2,"{""fp"": null, ""fn"": null, ""precision"": null, ""recall"": null, ""f1"": null}"
e3-c1-k3-edge_score-b256,DARPA TC E3,Five Dir Case 3,1,development,e3-c1-k3,native_new,poi_only,256,,v6_history_channel,,beea2ae0f74ca57ca0fa1fbd6240efcb4977ff4f74c83fbb36c767ff025211ce,98dddd525f26b637ffb348f81fca12534c25b4ff8b49db9cf6413e434a5bbb31,edge_score,,,8335,8192,24512,256,256,0,,1.0,216.0691815773543,,,1.0,,,0.23260800912976265,427.95703125,ok,55e927d21458711f13ab548263f2cb3f892d07ad2ec397def2e7327f06a2279d,f43b0e32dc190de6614487043679523b25c5afa4c1acdba1a8632a400ad30157,e4a914988691c66b4ee83b0475c1193a0d1324843c32d0543031fa9c4e25f7dd,2,1.0,1.0,1.0,11,0.7333333333333333,0.04296875,0.08118081180811808,245,4,423985,0.42857142857142855,0.42857142857142855,3,7,3,2,3,0.6923076923076923,2,"{""fp"": null, ""fn"": null, ""precision"": null, ""recall"": null, ""f1"": null}"
e3-c1-k3-edge_score-b1024,DARPA TC E3,Five Dir Case 3,1,development,e3-c1-k3,native_new,poi_only,1024,,v6_history_channel,,beea2ae0f74ca57ca0fa1fbd6240efcb4977ff4f74c83fbb36c767ff025211ce,98dddd525f26b637ffb348f81fca12534c25b4ff8b49db9cf6413e434a5bbb31,edge_score,,,8335,8192,24512,1024,1023,1,,1.0,694.5993084245133,,,1.0,,,0.3892853260040283,427.95703125,ok,55e927d21458711f13ab548263f2cb3f892d07ad2ec397def2e7327f06a2279d,f43b0e32dc190de6614487043679523b25c5afa4c1acdba1a8632a400ad30157,e4a914988691c66b4ee83b0475c1193a0d1324843c32d0543031fa9c4e25f7dd,1,1.0,1.0,1.0,13,0.8666666666666667,0.0126953125,0.025024061597690085,1011,2,423219,0.7142857142857143,0.7142857142857143,5,7,5,2,3,0.8461538461538461,2,"{""fp"": null, ""fn"": null, ""precision"": null, ""recall"": null, ""f1"": null}"
e3-c1-k3-anchor_score-b256,DARPA TC E3,Five Dir Case 3,1,development,e3-c1-k3,native_new,poi_only,256,,v6_history_channel,,beea2ae0f74ca57ca0fa1fbd6240efcb4977ff4f74c83fbb36c767ff025211ce,98dddd525f26b637ffb348f81fca12534c25b4ff8b49db9cf6413e434a5bbb31,anchor_score,,,8335,8192,24512,256,256,0,,1.0,216.06918157735427,,,1.0,,,0.2341080643236637,427.95703125,ok,55e927d21458711f13ab548263f2cb3f892d07ad2ec397def2e7327f06a2279d,f43b0e32dc190de6614487043679523b25c5afa4c1acdba1a8632a400ad30157,e4a914988691c66b4ee83b0475c1193a0d1324843c32d0543031fa9c4e25f7dd,2,1.0,1.0,1.0,11,0.7333333333333333,0.04296875,0.08118081180811808,245,4,423985,0.42857142857142855,0.42857142857142855,3,7,3,2,3,0.6923076923076923,2,"{""fp"": null, ""fn"": null, ""precision"": null, ""recall"": null, ""f1"": null}"
e3-c1-k3-anchor_score-b1024,DARPA TC E3,Five Dir Case 3,1,development,e3-c1-k3,native_new,poi_only,1024,,v6_history_channel,,beea2ae0f74ca57ca0fa1fbd6240efcb4977ff4f74c83fbb36c767ff025211ce,98dddd525f26b637ffb348f81fca12534c25b4ff8b49db9cf6413e434a5bbb31,anchor_score,,,8335,8192,24512,1024,1023,1,,1.0,683.5687488511043,,,1.0,,,0.3878985568881035,427.95703125,ok,55e927d21458711f13ab548263f2cb3f892d07ad2ec397def2e7327f06a2279d,f43b0e32dc190de6614487043679523b25c5afa4c1acdba1a8632a400ad30157,e4a914988691c66b4ee83b0475c1193a0d1324843c32d0543031fa9c4e25f7dd,2,1.0,1.0,1.0,12,0.8,0.01171875,0.023099133782483156,1012,3,423218,0.5714285714285714,0.5714285714285714,4,7,4,2,3,0.7692307692307693,2,"{""fp"": null, ""fn"": null, ""precision"": null, ""recall"": null, ""f1"": null}"
e3-c1-k3-witness_plus_detail-b256,DARPA TC E3,Five Dir Case 3,1,development,e3-c1-k3,native_new,poi_only,256,,v6_history_channel,,beea2ae0f74ca57ca0fa1fbd6240efcb4977ff4f74c83fbb36c767ff025211ce,98dddd525f26b637ffb348f81fca12534c25b4ff8b49db9cf6413e434a5bbb31,witness_plus_detail,,,8335,8192,24512,256,253,3,,1.0,1.1105184677071798,,,1.0,,,0.35488440841436386,427.95703125,ok,55e927d21458711f13ab548263f2cb3f892d07ad2ec397def2e7327f06a2279d,f43b0e32dc190de6614487043679523b25c5afa4c1acdba1a8632a400ad30157,e4a914988691c66b4ee83b0475c1193a0d1324843c32d0543031fa9c4e25f7dd,1,1.0,1.0,1.0,3,0.2,0.01171875,0.02214022140221402,253,12,423977,0.42857142857142855,0.2857142857142857,3,7,2,2,3,0.07692307692307693,2,"{""fp"": null, ""fn"": null, ""precision"": null, ""recall"": null, ""f1"": null}"
e3-c1-k3-witness_plus_detail-b1024,DARPA TC E3,Five Dir Case 3,1,development,e3-c1-k3,native_new,poi_only,1024,,v6_history_channel,,beea2ae0f74ca57ca0fa1fbd6240efcb4977ff4f74c83fbb36c767ff025211ce,98dddd525f26b637ffb348f81fca12534c25b4ff8b49db9cf6413e434a5bbb31,witness_plus_detail,,,8335,8192,24512,1024,1020,4,,1.0,1.5209814400807729,,,1.0,,,0.7097109816968441,427.95703125,ok,55e927d21458711f13ab548263f2cb3f892d07ad2ec397def2e7327f06a2279d,f43b0e32dc190de6614487043679523b25c5afa4c1acdba1a8632a400ad30157,e4a914988691c66b4ee83b0475c1193a0d1324843c32d0543031fa9c4e25f7dd,1,1.0,1.0,1.0,13,0.8666666666666667,0.0126953125,0.025024061597690085,1011,2,423219,0.7142857142857143,0.7142857142857143,5,7,5,2,3,0.8461538461538461,2,"{""fp"": null, ""fn"": null, ""precision"": null, ""recall"": null, ""f1"": null}"
e0-c2-b256-witness_rerank,DARPA TC E3,Theia Case 1,2,development,witness_rerank,native_reproduced,poi_only,256,,v4_original,,,98dddd525f26b637ffb348f81fca12534c25b4ff8b49db9cf6413e434a5bbb31,legacy_portfolio,,,,,,256,232,24,,,,,,0.005731124749931205,,,0.27727029472589493,712.5625,ok,55e927d21458711f13ab548263f2cb3f892d07ad2ec397def2e7327f06a2279d,f43b0e32dc190de6614487043679523b25c5afa4c1acdba1a8632a400ad30157,b7924926bc633ef94104179e087bc0dbe0268f610020c194fda664d37927b827,1,1.0,1.0,1.0,10,0.04184100418410042,0.0390625,0.04040404040404041,246,229,897768,0.6666666666666666,0.5833333333333334,8,12,7,5,6,0.029661016949152543,3,"{""fp"": null, ""fn"": null, ""precision"": null, ""recall"": null, ""f1"": null}"
e0-c2-b256-history_channel_portfolio,DARPA TC E3,Theia Case 1,2,development,history_channel_portfolio,native_reproduced,poi_only,256,,v6_history_channel,,,98dddd525f26b637ffb348f81fca12534c25b4ff8b49db9cf6413e434a5bbb31,legacy_portfolio,,,,,,256,243,13,,,,,,0.005731124749931205,,,0.2683081813156605,712.5625,ok,55e927d21458711f13ab548263f2cb3f892d07ad2ec397def2e7327f06a2279d,f43b0e32dc190de6614487043679523b25c5afa4c1acdba1a8632a400ad30157,b7924926bc633ef94104179e087bc0dbe0268f610020c194fda664d37927b827,1,1.0,1.0,1.0,13,0.05439330543933055,0.05078125,0.052525252525252523,243,226,897771,0.75,0.6666666666666666,9,12,8,5,6,0.0423728813559322,3,"{""fp"": null, ""fn"": null, ""precision"": null, ""recall"": null, ""f1"": null}"
e0-c2-b1024-witness_rerank,DARPA TC E3,Theia Case 1,2,development,witness_rerank,native_reproduced,poi_only,1024,,v4_original,,,98dddd525f26b637ffb348f81fca12534c25b4ff8b49db9cf6413e434a5bbb31,legacy_portfolio,,,,,,1024,970,54,,,,,,0.005731124749931205,,,0.276365552097559,712.5625,ok,55e927d21458711f13ab548263f2cb3f892d07ad2ec397def2e7327f06a2279d,f43b0e32dc190de6614487043679523b25c5afa4c1acdba1a8632a400ad30157,b7924926bc633ef94104179e087bc0dbe0268f610020c194fda664d37927b827,1,1.0,1.0,1.0,16,0.06694560669456066,0.015625,0.025336500395882817,1008,223,897006,0.9166666666666666,0.8333333333333334,11,12,10,6,6,0.05508474576271186,3,"{""fp"": null, ""fn"": null, ""precision"": null, ""recall"": null, ""f1"": null}"
e0-c2-b1024-history_channel_portfolio,DARPA TC E3,Theia Case 1,2,development,history_channel_portfolio,native_reproduced,poi_only,1024,,v6_history_channel,,,98dddd525f26b637ffb348f81fca12534c25b4ff8b49db9cf6413e434a5bbb31,legacy_portfolio,,,,,,1024,970,54,,,,,,0.005731124749931205,,,0.2646150179207325,712.5625,ok,55e927d21458711f13ab548263f2cb3f892d07ad2ec397def2e7327f06a2279d,f43b0e32dc190de6614487043679523b25c5afa4c1acdba1a8632a400ad30157,b7924926bc633ef94104179e087bc0dbe0268f610020c194fda664d37927b827,1,1.0,1.0,1.0,16,0.06694560669456066,0.015625,0.025336500395882817,1008,223,897006,0.9166666666666666,0.8333333333333334,11,12,10,6,6,0.05508474576271186,3,"{""fp"": null, ""fn"": null, ""precision"": null, ""recall"": null, ""f1"": null}"
e2-c2-event-primary-b256,DARPA TC E3,Theia Case 1,2,development,e2-c2-event-primary,native_new,poi_only,256,,v6_history_channel,event,af2b343d7abefd9201bdcdcf44f536fa635744f7d6853256bb1267878906acfa,98dddd525f26b637ffb348f81fca12534c25b4ff8b49db9cf6413e434a5bbb31,edge_score,0,327680,32768,32757,32757,256,254,2,,1.0,105.52080807958734,,,0.005731124749931205,,,0.3869495168328285,712.5625,ok,55e927d21458711f13ab548263f2cb3f892d07ad2ec397def2e7327f06a2279d,f43b0e32dc190de6614487043679523b25c5afa4c1acdba1a8632a400ad30157,b7924926bc633ef94104179e087bc0dbe0268f610020c194fda664d37927b827,2,1.0,1.0,1.0,14,0.058577405857740586,0.0546875,0.05656565656565657,242,225,897772,0.75,0.75,9,12,9,5,6,0.046610169491525424,3,"{""fp"": null, ""fn"": null, ""precision"": null, ""recall"": null, ""f1"": null}"
e2-c2-event-primary-b1024,DARPA TC E3,Theia Case 1,2,development,e2-c2-event-primary,native_new,poi_only,1024,,v6_history_channel,event,af2b343d7abefd9201bdcdcf44f536fa635744f7d6853256bb1267878906acfa,98dddd525f26b637ffb348f81fca12534c25b4ff8b49db9cf6413e434a5bbb31,edge_score,0,327680,32768,32757,32757,1024,978,46,,1.0,208.0461755361282,,,0.005731124749931205,,,0.6917464137077332,712.5625,ok,55e927d21458711f13ab548263f2cb3f892d07ad2ec397def2e7327f06a2279d,f43b0e32dc190de6614487043679523b25c5afa4c1acdba1a8632a400ad30157,b7924926bc633ef94104179e087bc0dbe0268f610020c194fda664d37927b827,1,1.0,1.0,1.0,14,0.058577405857740586,0.013671875,0.022169437846397466,1010,225,897004,0.75,0.75,9,12,9,5,6,0.046610169491525424,3,"{""fp"": null, ""fn"": null, ""precision"": null, ""recall"": null, ""f1"": null}"
e2-c2-event-rrf-b256,DARPA TC E3,Theia Case 1,2,development,e2-c2-event-rrf,native_new,poi_only,256,,v6_history_channel,event,8efd46d05336078c5da3e78bc37df88fc184c599c4e0d954fb3d2d84b3f3b3e8,98dddd525f26b637ffb348f81fca12534c25b4ff8b49db9cf6413e434a5bbb31,edge_score,0,327680,32768,31690,31690,256,254,2,,1.0,105.52080807958734,,,0.005731124749931205,,,0.3822629451751709,712.5625,ok,55e927d21458711f13ab548263f2cb3f892d07ad2ec397def2e7327f06a2279d,f43b0e32dc190de6614487043679523b25c5afa4c1acdba1a8632a400ad30157,b7924926bc633ef94104179e087bc0dbe0268f610020c194fda664d37927b827,2,1.0,1.0,1.0,14,0.058577405857740586,0.0546875,0.05656565656565657,242,225,897772,0.75,0.75,9,12,9,5,6,0.046610169491525424,3,"{""fp"": null, ""fn"": null, ""precision"": null, ""recall"": null, ""f1"": null}"
e2-c2-event-rrf-b1024,DARPA TC E3,Theia Case 1,2,development,e2-c2-event-rrf,native_new,poi_only,1024,,v6_history_channel,event,8efd46d05336078c5da3e78bc37df88fc184c599c4e0d954fb3d2d84b3f3b3e8,98dddd525f26b637ffb348f81fca12534c25b4ff8b49db9cf6413e434a5bbb31,edge_score,0,327680,32768,31690,31690,1024,978,46,,1.0,208.0461755361282,,,0.005731124749931205,,,0.6190479844808578,712.5625,ok,55e927d21458711f13ab548263f2cb3f892d07ad2ec397def2e7327f06a2279d,f43b0e32dc190de6614487043679523b25c5afa4c1acdba1a8632a400ad30157,b7924926bc633ef94104179e087bc0dbe0268f610020c194fda664d37927b827,1,1.0,1.0,1.0,14,0.058577405857740586,0.013671875,0.022169437846397466,1010,225,897004,0.75,0.75,9,12,9,5,6,0.046610169491525424,3,"{""fp"": null, ""fn"": null, ""precision"": null, ""recall"": null, ""f1"": null}"
e2-c2-group-primary-b256,DARPA TC E3,Theia Case 1,2,development,e2-c2-group-primary,native_new,poi_only,256,,v6_history_channel,group,180713f2a00e367f390f10d0f141999e8ede83f693b1c8d98c65628198a19513,98dddd525f26b637ffb348f81fca12534c25b4ff8b49db9cf6413e434a5bbb31,edge_score,17866,328318,32768,32757,32757,256,254,2,,1.0,105.52080807958734,,,0.005731124749931205,,,0.39363177865743637,712.5625,ok,55e927d21458711f13ab548263f2cb3f892d07ad2ec397def2e7327f06a2279d,f43b0e32dc190de6614487043679523b25c5afa4c1acdba1a8632a400ad30157,b7924926bc633ef94104179e087bc0dbe0268f610020c194fda664d37927b827,2,1.0,1.0,1.0,14,0.058577405857740586,0.0546875,0.05656565656565657,242,225,897772,0.75,0.75,9,12,9,5,6,0.046610169491525424,3,"{""fp"": null, ""fn"": null, ""precision"": null, ""recall"": null, ""f1"": null}"
e2-c2-group-primary-b1024,DARPA TC E3,Theia Case 1,2,development,e2-c2-group-primary,native_new,poi_only,1024,,v6_history_channel,group,180713f2a00e367f390f10d0f141999e8ede83f693b1c8d98c65628198a19513,98dddd525f26b637ffb348f81fca12534c25b4ff8b49db9cf6413e434a5bbb31,edge_score,17866,328318,32768,32757,32757,1024,978,46,,1.0,208.0461755361282,,,0.005731124749931205,,,0.6866618283092976,712.5625,ok,55e927d21458711f13ab548263f2cb3f892d07ad2ec397def2e7327f06a2279d,f43b0e32dc190de6614487043679523b25c5afa4c1acdba1a8632a400ad30157,b7924926bc633ef94104179e087bc0dbe0268f610020c194fda664d37927b827,1,1.0,1.0,1.0,14,0.058577405857740586,0.013671875,0.022169437846397466,1010,225,897004,0.75,0.75,9,12,9,5,6,0.046610169491525424,3,"{""fp"": null, ""fn"": null, ""precision"": null, ""recall"": null, ""f1"": null}"
e2-c2-group-rrf-b256,DARPA TC E3,Theia Case 1,2,development,e2-c2-group-rrf,native_new,poi_only,256,,v6_history_channel,group,c5d1956345854f89f9ff414995ea767500d23b6125cffddae657939afd59c375,98dddd525f26b637ffb348f81fca12534c25b4ff8b49db9cf6413e434a5bbb31,edge_score,9678,328410,32768,32549,32549,256,254,2,,1.0,105.52080807958734,,,0.005731124749931205,,,0.4217432886362076,712.5625,ok,55e927d21458711f13ab548263f2cb3f892d07ad2ec397def2e7327f06a2279d,f43b0e32dc190de6614487043679523b25c5afa4c1acdba1a8632a400ad30157,b7924926bc633ef94104179e087bc0dbe0268f610020c194fda664d37927b827,2,1.0,1.0,1.0,14,0.058577405857740586,0.0546875,0.05656565656565657,242,225,897772,0.75,0.75,9,12,9,5,6,0.046610169491525424,3,"{""fp"": null, ""fn"": null, ""precision"": null, ""recall"": null, ""f1"": null}"
e2-c2-group-rrf-b1024,DARPA TC E3,Theia Case 1,2,development,e2-c2-group-rrf,native_new,poi_only,1024,,v6_history_channel,group,c5d1956345854f89f9ff414995ea767500d23b6125cffddae657939afd59c375,98dddd525f26b637ffb348f81fca12534c25b4ff8b49db9cf6413e434a5bbb31,edge_score,9678,328410,32768,32549,32549,1024,986,38,,1.0,200.555608934364,,,0.005731124749931205,,,0.6475060135126114,712.5625,ok,55e927d21458711f13ab548263f2cb3f892d07ad2ec397def2e7327f06a2279d,f43b0e32dc190de6614487043679523b25c5afa4c1acdba1a8632a400ad30157,b7924926bc633ef94104179e087bc0dbe0268f610020c194fda664d37927b827,1,1.0,1.0,1.0,14,0.058577405857740586,0.013671875,0.022169437846397466,1010,225,897004,0.75,0.75,9,12,9,5,6,0.046610169491525424,3,"{""fp"": null, ""fn"": null, ""precision"": null, ""recall"": null, ""f1"": null}"
e3-c2-k1-edge_score-b256,DARPA TC E3,Theia Case 1,2,development,e3-c2-k1,native_new,poi_only,256,,v6_history_channel,,6895166d468e96a67d73549b9515ae69c7becfec4d94a9366ce148d2edbbc1db,98dddd525f26b637ffb348f81fca12534c25b4ff8b49db9cf6413e434a5bbb31,edge_score,,,8245,8192,8192,256,254,2,,1.0,105.4728354195222,,,0.005731124749931205,,,0.09469649940729141,712.5625,ok,55e927d21458711f13ab548263f2cb3f892d07ad2ec397def2e7327f06a2279d,f43b0e32dc190de6614487043679523b25c5afa4c1acdba1a8632a400ad30157,b7924926bc633ef94104179e087bc0dbe0268f610020c194fda664d37927b827,2,1.0,1.0,1.0,14,0.058577405857740586,0.0546875,0.05656565656565657,242,225,897772,0.75,0.75,9,12,9,5,6,0.046610169491525424,3,"{""fp"": null, ""fn"": null, ""precision"": null, ""recall"": null, ""f1"": null}"
e3-c2-k1-edge_score-b1024,DARPA TC E3,Theia Case 1,2,development,e3-c2-k1,native_new,poi_only,1024,,v6_history_channel,,6895166d468e96a67d73549b9515ae69c7becfec4d94a9366ce148d2edbbc1db,98dddd525f26b637ffb348f81fca12534c25b4ff8b49db9cf6413e434a5bbb31,edge_score,,,8245,8192,8192,1024,1016,8,,1.0,161.11401133216896,,,0.005731124749931205,,,0.17387807741761208,712.5625,ok,55e927d21458711f13ab548263f2cb3f892d07ad2ec397def2e7327f06a2279d,f43b0e32dc190de6614487043679523b25c5afa4c1acdba1a8632a400ad30157,b7924926bc633ef94104179e087bc0dbe0268f610020c194fda664d37927b827,1,1.0,1.0,1.0,14,0.058577405857740586,0.013671875,0.022169437846397466,1010,225,897004,0.75,0.75,9,12,9,5,6,0.046610169491525424,3,"{""fp"": null, ""fn"": null, ""precision"": null, ""recall"": null, ""f1"": null}"
e3-c2-k1-anchor_score-b256,DARPA TC E3,Theia Case 1,2,development,e3-c2-k1,native_new,poi_only,256,,v6_history_channel,,6895166d468e96a67d73549b9515ae69c7becfec4d94a9366ce148d2edbbc1db,98dddd525f26b637ffb348f81fca12534c25b4ff8b49db9cf6413e434a5bbb31,anchor_score,,,8245,8192,8192,256,251,5,,1.0,101.78190649890554,,,0.005731124749931205,,,0.12334219738841057,712.5625,ok,55e927d21458711f13ab548263f2cb3f892d07ad2ec397def2e7327f06a2279d,f43b0e32dc190de6614487043679523b25c5afa4c1acdba1a8632a400ad30157,b7924926bc633ef94104179e087bc0dbe0268f610020c194fda664d37927b827,1,1.0,1.0,1.0,14,0.058577405857740586,0.0546875,0.05656565656565657,242,225,897772,0.75,0.75,9,12,9,5,6,0.046610169491525424,3,"{""fp"": null, ""fn"": null, ""precision"": null, ""recall"": null, ""f1"": null}"
e3-c2-k1-anchor_score-b1024,DARPA TC E3,Theia Case 1,2,development,e3-c2-k1,native_new,poi_only,1024,,v6_history_channel,,6895166d468e96a67d73549b9515ae69c7becfec4d94a9366ce148d2edbbc1db,98dddd525f26b637ffb348f81fca12534c25b4ff8b49db9cf6413e434a5bbb31,anchor_score,,,8245,8192,8192,1024,1016,8,,1.0,160.501812517006,,,0.005731124749931205,,,0.180253554135561,712.5625,ok,55e927d21458711f13ab548263f2cb3f892d07ad2ec397def2e7327f06a2279d,f43b0e32dc190de6614487043679523b25c5afa4c1acdba1a8632a400ad30157,b7924926bc633ef94104179e087bc0dbe0268f610020c194fda664d37927b827,1,1.0,1.0,1.0,14,0.058577405857740586,0.013671875,0.022169437846397466,1010,225,897004,0.75,0.75,9,12,9,5,6,0.046610169491525424,3,"{""fp"": null, ""fn"": null, ""precision"": null, ""recall"": null, ""f1"": null}"
e3-c2-k1-witness_plus_detail-b256,DARPA TC E3,Theia Case 1,2,development,e3-c2-k1,native_new,poi_only,256,,v6_history_channel,,6895166d468e96a67d73549b9515ae69c7becfec4d94a9366ce148d2edbbc1db,98dddd525f26b637ffb348f81fca12534c25b4ff8b49db9cf6413e434a5bbb31,witness_plus_detail,,,8245,8192,8192,256,249,7,,1.0,1.3663775249802614,,,0.005731124749931205,,,0.20106560364365578,712.5625,ok,55e927d21458711f13ab548263f2cb3f892d07ad2ec397def2e7327f06a2279d,f43b0e32dc190de6614487043679523b25c5afa4c1acdba1a8632a400ad30157,b7924926bc633ef94104179e087bc0dbe0268f610020c194fda664d37927b827,1,1.0,1.0,1.0,14,0.058577405857740586,0.0546875,0.05656565656565657,242,225,897772,0.75,0.75,9,12,9,5,6,0.046610169491525424,3,"{""fp"": null, ""fn"": null, ""precision"": null, ""recall"": null, ""f1"": null}"
e3-c2-k1-witness_plus_detail-b1024,DARPA TC E3,Theia Case 1,2,development,e3-c2-k1,native_new,poi_only,1024,,v6_history_channel,,6895166d468e96a67d73549b9515ae69c7becfec4d94a9366ce148d2edbbc1db,98dddd525f26b637ffb348f81fca12534c25b4ff8b49db9cf6413e434a5bbb31,witness_plus_detail,,,8245,8192,8192,1024,1016,8,,1.0,1.5955073396429755,,,0.005731124749931205,,,0.26663079112768173,712.5625,ok,55e927d21458711f13ab548263f2cb3f892d07ad2ec397def2e7327f06a2279d,f43b0e32dc190de6614487043679523b25c5afa4c1acdba1a8632a400ad30157,b7924926bc633ef94104179e087bc0dbe0268f610020c194fda664d37927b827,1,1.0,1.0,1.0,14,0.058577405857740586,0.013671875,0.022169437846397466,1010,225,897004,0.75,0.75,9,12,9,5,6,0.046610169491525424,3,"{""fp"": null, ""fn"": null, ""precision"": null, ""recall"": null, ""f1"": null}"
e3-c2-k3-edge_score-b256,DARPA TC E3,Theia Case 1,2,development,e3-c2-k3,native_new,poi_only,256,,v6_history_channel,,67b06a9dff931aba5a8cd298c53b178d69908be066aac076c3404270179a373d,98dddd525f26b637ffb348f81fca12534c25b4ff8b49db9cf6413e434a5bbb31,edge_score,,,8302,8192,24546,256,254,2,,1.0,105.4728354195222,,,0.005731124749931205,,,0.31082678586244583,712.5625,ok,55e927d21458711f13ab548263f2cb3f892d07ad2ec397def2e7327f06a2279d,f43b0e32dc190de6614487043679523b25c5afa4c1acdba1a8632a400ad30157,b7924926bc633ef94104179e087bc0dbe0268f610020c194fda664d37927b827,2,1.0,1.0,1.0,14,0.058577405857740586,0.0546875,0.05656565656565657,242,225,897772,0.75,0.75,9,12,9,5,6,0.046610169491525424,3,"{""fp"": null, ""fn"": null, ""precision"": null, ""recall"": null, ""f1"": null}"
e3-c2-k3-edge_score-b1024,DARPA TC E3,Theia Case 1,2,development,e3-c2-k3,native_new,poi_only,1024,,v6_history_channel,,67b06a9dff931aba5a8cd298c53b178d69908be066aac076c3404270179a373d,98dddd525f26b637ffb348f81fca12534c25b4ff8b49db9cf6413e434a5bbb31,edge_score,,,8302,8192,24546,1024,1015,9,,1.0,161.08723610279185,,,0.005731124749931205,,,0.46655239164829254,712.5625,ok,55e927d21458711f13ab548263f2cb3f892d07ad2ec397def2e7327f06a2279d,f43b0e32dc190de6614487043679523b25c5afa4c1acdba1a8632a400ad30157,b7924926bc633ef94104179e087bc0dbe0268f610020c194fda664d37927b827,1,1.0,1.0,1.0,14,0.058577405857740586,0.013671875,0.022169437846397466,1010,225,897004,0.75,0.75,9,12,9,5,6,0.046610169491525424,3,"{""fp"": null, ""fn"": null, ""precision"": null, ""recall"": null, ""f1"": null}"
e3-c2-k3-anchor_score-b256,DARPA TC E3,Theia Case 1,2,development,e3-c2-k3,native_new,poi_only,256,,v6_history_channel,,67b06a9dff931aba5a8cd298c53b178d69908be066aac076c3404270179a373d,98dddd525f26b637ffb348f81fca12534c25b4ff8b49db9cf6413e434a5bbb31,anchor_score,,,8302,8192,24546,256,251,5,,1.0,101.67286433430384,,,0.005731124749931205,,,0.3093101792037487,712.5625,ok,55e927d21458711f13ab548263f2cb3f892d07ad2ec397def2e7327f06a2279d,f43b0e32dc190de6614487043679523b25c5afa4c1acdba1a8632a400ad30157,b7924926bc633ef94104179e087bc0dbe0268f610020c194fda664d37927b827,1,1.0,1.0,1.0,14,0.058577405857740586,0.0546875,0.05656565656565657,242,225,897772,0.75,0.75,9,12,9,5,6,0.046610169491525424,3,"{""fp"": null, ""fn"": null, ""precision"": null, ""recall"": null, ""f1"": null}"
e3-c2-k3-anchor_score-b1024,DARPA TC E3,Theia Case 1,2,development,e3-c2-k3,native_new,poi_only,1024,,v6_history_channel,,67b06a9dff931aba5a8cd298c53b178d69908be066aac076c3404270179a373d,98dddd525f26b637ffb348f81fca12534c25b4ff8b49db9cf6413e434a5bbb31,anchor_score,,,8302,8192,24546,1024,1016,8,,1.0,160.54388212937172,,,0.005731124749931205,,,0.47635094076395035,712.5625,ok,55e927d21458711f13ab548263f2cb3f892d07ad2ec397def2e7327f06a2279d,f43b0e32dc190de6614487043679523b25c5afa4c1acdba1a8632a400ad30157,b7924926bc633ef94104179e087bc0dbe0268f610020c194fda664d37927b827,1,1.0,1.0,1.0,14,0.058577405857740586,0.013671875,0.022169437846397466,1010,225,897004,0.75,0.75,9,12,9,5,6,0.046610169491525424,3,"{""fp"": null, ""fn"": null, ""precision"": null, ""recall"": null, ""f1"": null}"
e3-c2-k3-witness_plus_detail-b256,DARPA TC E3,Theia Case 1,2,development,e3-c2-k3,native_new,poi_only,256,,v6_history_channel,,67b06a9dff931aba5a8cd298c53b178d69908be066aac076c3404270179a373d,98dddd525f26b637ffb348f81fca12534c25b4ff8b49db9cf6413e434a5bbb31,witness_plus_detail,,,8302,8192,24546,256,248,8,,1.0,1.3631518266866394,,,0.005731124749931205,,,0.38549795746803284,712.5625,ok,55e927d21458711f13ab548263f2cb3f892d07ad2ec397def2e7327f06a2279d,f43b0e32dc190de6614487043679523b25c5afa4c1acdba1a8632a400ad30157,b7924926bc633ef94104179e087bc0dbe0268f610020c194fda664d37927b827,1,1.0,1.0,1.0,14,0.058577405857740586,0.0546875,0.05656565656565657,242,225,897772,0.75,0.75,9,12,9,5,6,0.046610169491525424,3,"{""fp"": null, ""fn"": null, ""precision"": null, ""recall"": null, ""f1"": null}"
e3-c2-k3-witness_plus_detail-b1024,DARPA TC E3,Theia Case 1,2,development,e3-c2-k3,native_new,poi_only,1024,,v6_history_channel,,67b06a9dff931aba5a8cd298c53b178d69908be066aac076c3404270179a373d,98dddd525f26b637ffb348f81fca12534c25b4ff8b49db9cf6413e434a5bbb31,witness_plus_detail,,,8302,8192,24546,1024,1016,8,,1.0,1.5956767725561118,,,0.005731124749931205,,,0.7756328731775284,712.5625,ok,55e927d21458711f13ab548263f2cb3f892d07ad2ec397def2e7327f06a2279d,f43b0e32dc190de6614487043679523b25c5afa4c1acdba1a8632a400ad30157,b7924926bc633ef94104179e087bc0dbe0268f610020c194fda664d37927b827,1,1.0,1.0,1.0,14,0.058577405857740586,0.013671875,0.022169437846397466,1010,225,897004,0.75,0.75,9,12,9,5,6,0.046610169491525424,3,"{""fp"": null, ""fn"": null, ""precision"": null, ""recall"": null, ""f1"": null}"
e0-c3-b256-witness_rerank,DARPA TC E3,Theia Case 3,3,development,witness_rerank,native_reproduced,poi_only,256,,v4_original,,,98dddd525f26b637ffb348f81fca12534c25b4ff8b49db9cf6413e434a5bbb31,legacy_portfolio,,,,,,256,247,9,,,,,,0.0017540791614335527,,,0.3641587421298027,860.05078125,ok,55e927d21458711f13ab548263f2cb3f892d07ad2ec397def2e7327f06a2279d,f43b0e32dc190de6614487043679523b25c5afa4c1acdba1a8632a400ad30157,95884055355027cbd379470467f28b1d36f851af1a9ce8da8adf7f94dd70ec5b,1,1.0,1.0,1.0,118,0.5152838427947598,0.4609375,0.4865979381443299,138,111,1131851,0.7777777777777778,0.6666666666666666,7,9,6,5,5,0.5088495575221239,3,"{""fp"": null, ""fn"": null, ""precision"": null, ""recall"": null, ""f1"": null}"
e0-c3-b256-history_channel_portfolio,DARPA TC E3,Theia Case 3,3,development,history_channel_portfolio,native_reproduced,poi_only,256,,v6_history_channel,,,98dddd525f26b637ffb348f81fca12534c25b4ff8b49db9cf6413e434a5bbb31,legacy_portfolio,,,,,,256,246,10,,,,,,0.0017540791614335527,,,0.34346751868724823,860.05078125,ok,55e927d21458711f13ab548263f2cb3f892d07ad2ec397def2e7327f06a2279d,f43b0e32dc190de6614487043679523b25c5afa4c1acdba1a8632a400ad30157,95884055355027cbd379470467f28b1d36f851af1a9ce8da8adf7f94dd70ec5b,1,1.0,1.0,1.0,122,0.5327510917030568,0.4765625,0.5030927835051546,134,107,1131855,0.8888888888888888,0.7777777777777778,8,9,7,5,5,0.5265486725663717,3,"{""fp"": null, ""fn"": null, ""precision"": null, ""recall"": null, ""f1"": null}"
e0-c3-b1024-witness_rerank,DARPA TC E3,Theia Case 3,3,development,witness_rerank,native_reproduced,poi_only,1024,,v4_original,,,98dddd525f26b637ffb348f81fca12534c25b4ff8b49db9cf6413e434a5bbb31,legacy_portfolio,,,,,,1024,985,39,,,,,,0.0017540791614335527,,,0.3552834987640381,860.05078125,ok,55e927d21458711f13ab548263f2cb3f892d07ad2ec397def2e7327f06a2279d,f43b0e32dc190de6614487043679523b25c5afa4c1acdba1a8632a400ad30157,95884055355027cbd379470467f28b1d36f851af1a9ce8da8adf7f94dd70ec5b,1,1.0,1.0,1.0,229,1.0,0.2236328125,0.3655227454110136,795,0,1131194,1.0,1.0,9,9,9,5,5,1.0,3,"{""fp"": null, ""fn"": null, ""precision"": null, ""recall"": null, ""f1"": null}"
e0-c3-b1024-history_channel_portfolio,DARPA TC E3,Theia Case 3,3,development,history_channel_portfolio,native_reproduced,poi_only,1024,,v6_history_channel,,,98dddd525f26b637ffb348f81fca12534c25b4ff8b49db9cf6413e434a5bbb31,legacy_portfolio,,,,,,1024,983,41,,,,,,0.0017540791614335527,,,0.3433844596147537,860.05078125,ok,55e927d21458711f13ab548263f2cb3f892d07ad2ec397def2e7327f06a2279d,f43b0e32dc190de6614487043679523b25c5afa4c1acdba1a8632a400ad30157,95884055355027cbd379470467f28b1d36f851af1a9ce8da8adf7f94dd70ec5b,1,1.0,1.0,1.0,227,0.9912663755458515,0.2216796875,0.36233040702314445,797,2,1131192,0.8888888888888888,0.8888888888888888,8,9,8,5,5,0.9911504424778761,3,"{""fp"": null, ""fn"": null, ""precision"": null, ""recall"": null, ""f1"": null}"
e2-c3-event-primary-b256,DARPA TC E3,Theia Case 3,3,development,e2-c3-event-primary,native_new,poi_only,256,,v6_history_channel,event,589ef6a86135b599889a546fbb4eaba59863eacc27a66fc43126231af29b3376,98dddd525f26b637ffb348f81fca12534c25b4ff8b49db9cf6413e434a5bbb31,edge_score,0,327680,32768,32768,32768,256,256,0,,1.0,196.14547810685275,,,0.0017540791614335527,,,0.28307732194662094,860.05078125,ok,55e927d21458711f13ab548263f2cb3f892d07ad2ec397def2e7327f06a2279d,f43b0e32dc190de6614487043679523b25c5afa4c1acdba1a8632a400ad30157,95884055355027cbd379470467f28b1d36f851af1a9ce8da8adf7f94dd70ec5b,3,1.0,1.0,1.0,227,0.9912663755458515,0.88671875,0.9360824742268041,29,2,1131960,0.8888888888888888,0.8888888888888888,8,9,8,5,5,0.9911504424778761,3,"{""fp"": null, ""fn"": null, ""precision"": null, ""recall"": null, ""f1"": null}"
e2-c3-event-primary-b1024,DARPA TC E3,Theia Case 3,3,development,e2-c3-event-primary,native_new,poi_only,1024,,v6_history_channel,event,589ef6a86135b599889a546fbb4eaba59863eacc27a66fc43126231af29b3376,98dddd525f26b637ffb348f81fca12534c25b4ff8b49db9cf6413e434a5bbb31,edge_score,0,327680,32768,32768,32768,1024,1021,3,,1.0,536.3741851069182,,,0.0017540791614335527,,,0.4668392911553383,860.05078125,ok,55e927d21458711f13ab548263f2cb3f892d07ad2ec397def2e7327f06a2279d,f43b0e32dc190de6614487043679523b25c5afa4c1acdba1a8632a400ad30157,95884055355027cbd379470467f28b1d36f851af1a9ce8da8adf7f94dd70ec5b,3,1.0,1.0,1.0,227,0.9912663755458515,0.2216796875,0.36233040702314445,797,2,1131192,0.8888888888888888,0.8888888888888888,8,9,8,5,5,0.9911504424778761,3,"{""fp"": null, ""fn"": null, ""precision"": null, ""recall"": null, ""f1"": null}"
e2-c3-event-rrf-b256,DARPA TC E3,Theia Case 3,3,development,e2-c3-event-rrf,native_new,poi_only,256,,v6_history_channel,event,0d277f24807102f1eb8e6cd3f3329ea4af95a21ef70b9b2103928367c350b7fc,98dddd525f26b637ffb348f81fca12534c25b4ff8b49db9cf6413e434a5bbb31,edge_score,0,327680,32768,32566,32566,256,256,0,,1.0,196.14547810685275,,,0.0017540791614335527,,,0.31814298778772354,860.05078125,ok,55e927d21458711f13ab548263f2cb3f892d07ad2ec397def2e7327f06a2279d,f43b0e32dc190de6614487043679523b25c5afa4c1acdba1a8632a400ad30157,95884055355027cbd379470467f28b1d36f851af1a9ce8da8adf7f94dd70ec5b,3,1.0,1.0,1.0,227,0.9912663755458515,0.88671875,0.9360824742268041,29,2,1131960,0.8888888888888888,0.8888888888888888,8,9,8,5,5,0.9911504424778761,3,"{""fp"": null, ""fn"": null, ""precision"": null, ""recall"": null, ""f1"": null}"
e2-c3-event-rrf-b1024,DARPA TC E3,Theia Case 3,3,development,e2-c3-event-rrf,native_new,poi_only,1024,,v6_history_channel,event,0d277f24807102f1eb8e6cd3f3329ea4af95a21ef70b9b2103928367c350b7fc,98dddd525f26b637ffb348f81fca12534c25b4ff8b49db9cf6413e434a5bbb31,edge_score,0,327680,32768,32566,32566,1024,1021,3,,1.0,536.3741851069182,,,0.0017540791614335527,,,0.4579435624182224,860.05078125,ok,55e927d21458711f13ab548263f2cb3f892d07ad2ec397def2e7327f06a2279d,f43b0e32dc190de6614487043679523b25c5afa4c1acdba1a8632a400ad30157,95884055355027cbd379470467f28b1d36f851af1a9ce8da8adf7f94dd70ec5b,3,1.0,1.0,1.0,227,0.9912663755458515,0.2216796875,0.36233040702314445,797,2,1131192,0.8888888888888888,0.8888888888888888,8,9,8,5,5,0.9911504424778761,3,"{""fp"": null, ""fn"": null, ""precision"": null, ""recall"": null, ""f1"": null}"
e2-c3-group-primary-b256,DARPA TC E3,Theia Case 3,3,development,e2-c3-group-primary,native_new,poi_only,256,,v6_history_channel,group,b0c06e50375ab857f132b32cc5d42e3fae5b74b2b01f4749dcac09a4c56cfd3b,98dddd525f26b637ffb348f81fca12534c25b4ff8b49db9cf6413e434a5bbb31,edge_score,64466,327681,32768,32768,32768,256,256,0,,1.0,196.14547810685275,,,0.0017540791614335527,,,0.27561163157224655,860.05078125,ok,55e927d21458711f13ab548263f2cb3f892d07ad2ec397def2e7327f06a2279d,f43b0e32dc190de6614487043679523b25c5afa4c1acdba1a8632a400ad30157,95884055355027cbd379470467f28b1d36f851af1a9ce8da8adf7f94dd70ec5b,3,1.0,1.0,1.0,227,0.9912663755458515,0.88671875,0.9360824742268041,29,2,1131960,0.8888888888888888,0.8888888888888888,8,9,8,5,5,0.9911504424778761,3,"{""fp"": null, ""fn"": null, ""precision"": null, ""recall"": null, ""f1"": null}"
e2-c3-group-primary-b1024,DARPA TC E3,Theia Case 3,3,development,e2-c3-group-primary,native_new,poi_only,1024,,v6_history_channel,group,b0c06e50375ab857f132b32cc5d42e3fae5b74b2b01f4749dcac09a4c56cfd3b,98dddd525f26b637ffb348f81fca12534c25b4ff8b49db9cf6413e434a5bbb31,edge_score,64466,327681,32768,32768,32768,1024,1021,3,,1.0,536.3741851069182,,,0.0017540791614335527,,,0.4633086435496807,860.05078125,ok,55e927d21458711f13ab548263f2cb3f892d07ad2ec397def2e7327f06a2279d,f43b0e32dc190de6614487043679523b25c5afa4c1acdba1a8632a400ad30157,95884055355027cbd379470467f28b1d36f851af1a9ce8da8adf7f94dd70ec5b,3,1.0,1.0,1.0,227,0.9912663755458515,0.2216796875,0.36233040702314445,797,2,1131192,0.8888888888888888,0.8888888888888888,8,9,8,5,5,0.9911504424778761,3,"{""fp"": null, ""fn"": null, ""precision"": null, ""recall"": null, ""f1"": null}"
e2-c3-group-rrf-b256,DARPA TC E3,Theia Case 3,3,development,e2-c3-group-rrf,native_new,poi_only,256,,v6_history_channel,group,2e6303e530a595d2782f535be86f7176e29ca6bee38124eecf31f3a351f04293,98dddd525f26b637ffb348f81fca12534c25b4ff8b49db9cf6413e434a5bbb31,edge_score,36690,327680,32768,32669,32669,256,256,0,,1.0,196.14547810685275,,,0.0017540791614335527,,,0.3612559400498867,860.05078125,ok,55e927d21458711f13ab548263f2cb3f892d07ad2ec397def2e7327f06a2279d,f43b0e32dc190de6614487043679523b25c5afa4c1acdba1a8632a400ad30157,95884055355027cbd379470467f28b1d36f851af1a9ce8da8adf7f94dd70ec5b,3,1.0,1.0,1.0,227,0.9912663755458515,0.88671875,0.9360824742268041,29,2,1131960,0.8888888888888888,0.8888888888888888,8,9,8,5,5,0.9911504424778761,3,"{""fp"": null, ""fn"": null, ""precision"": null, ""recall"": null, ""f1"": null}"
e2-c3-group-rrf-b1024,DARPA TC E3,Theia Case 3,3,development,e2-c3-group-rrf,native_new,poi_only,1024,,v6_history_channel,group,2e6303e530a595d2782f535be86f7176e29ca6bee38124eecf31f3a351f04293,98dddd525f26b637ffb348f81fca12534c25b4ff8b49db9cf6413e434a5bbb31,edge_score,36690,327680,32768,32669,32669,1024,1021,3,,1.0,536.3741851069182,,,0.0017540791614335527,,,0.4992622584104538,860.05078125,ok,55e927d21458711f13ab548263f2cb3f892d07ad2ec397def2e7327f06a2279d,f43b0e32dc190de6614487043679523b25c5afa4c1acdba1a8632a400ad30157,95884055355027cbd379470467f28b1d36f851af1a9ce8da8adf7f94dd70ec5b,3,1.0,1.0,1.0,227,0.9912663755458515,0.2216796875,0.36233040702314445,797,2,1131192,0.8888888888888888,0.8888888888888888,8,9,8,5,5,0.9911504424778761,3,"{""fp"": null, ""fn"": null, ""precision"": null, ""recall"": null, ""f1"": null}"
e3-c3-k1-edge_score-b256,DARPA TC E3,Theia Case 3,3,development,e3-c3-k1,native_new,poi_only,256,,v6_history_channel,,cc7d2b3d1c5e4889c37417870f70d77638844a7b4e46c8a4cb99ee010a7c14b6,98dddd525f26b637ffb348f81fca12534c25b4ff8b49db9cf6413e434a5bbb31,edge_score,,,8236,8192,8192,256,256,0,,1.0,196.14547810685275,,,0.0017540791614335527,,,0.059579040855169296,860.05078125,ok,55e927d21458711f13ab548263f2cb3f892d07ad2ec397def2e7327f06a2279d,f43b0e32dc190de6614487043679523b25c5afa4c1acdba1a8632a400ad30157,95884055355027cbd379470467f28b1d36f851af1a9ce8da8adf7f94dd70ec5b,3,1.0,1.0,1.0,227,0.9912663755458515,0.88671875,0.9360824742268041,29,2,1131960,0.8888888888888888,0.8888888888888888,8,9,8,5,5,0.9911504424778761,3,"{""fp"": null, ""fn"": null, ""precision"": null, ""recall"": null, ""f1"": null}"
e3-c3-k1-edge_score-b1024,DARPA TC E3,Theia Case 3,3,development,e3-c3-k1,native_new,poi_only,1024,,v6_history_channel,,cc7d2b3d1c5e4889c37417870f70d77638844a7b4e46c8a4cb99ee010a7c14b6,98dddd525f26b637ffb348f81fca12534c25b4ff8b49db9cf6413e434a5bbb31,edge_score,,,8236,8192,8192,1024,1016,8,,1.0,407.98939294779285,,,0.0017540791614335527,,,0.12283047661185265,860.05078125,ok,55e927d21458711f13ab548263f2cb3f892d07ad2ec397def2e7327f06a2279d,f43b0e32dc190de6614487043679523b25c5afa4c1acdba1a8632a400ad30157,95884055355027cbd379470467f28b1d36f851af1a9ce8da8adf7f94dd70ec5b,1,1.0,1.0,1.0,229,1.0,0.2236328125,0.3655227454110136,795,0,1131194,1.0,1.0,9,9,9,5,5,1.0,3,"{""fp"": null, ""fn"": null, ""precision"": null, ""recall"": null, ""f1"": null}"
e3-c3-k1-anchor_score-b256,DARPA TC E3,Theia Case 3,3,development,e3-c3-k1,native_new,poi_only,256,,v6_history_channel,,cc7d2b3d1c5e4889c37417870f70d77638844a7b4e46c8a4cb99ee010a7c14b6,98dddd525f26b637ffb348f81fca12534c25b4ff8b49db9cf6413e434a5bbb31,anchor_score,,,8236,8192,8192,256,256,0,,1.0,196.1454781068528,,,0.0017540791614335527,,,0.060677770525217056,860.05078125,ok,55e927d21458711f13ab548263f2cb3f892d07ad2ec397def2e7327f06a2279d,f43b0e32dc190de6614487043679523b25c5afa4c1acdba1a8632a400ad30157,95884055355027cbd379470467f28b1d36f851af1a9ce8da8adf7f94dd70ec5b,3,1.0,1.0,1.0,227,0.9912663755458515,0.88671875,0.9360824742268041,29,2,1131960,0.8888888888888888,0.8888888888888888,8,9,8,5,5,0.9911504424778761,3,"{""fp"": null, ""fn"": null, ""precision"": null, ""recall"": null, ""f1"": null}"
e3-c3-k1-anchor_score-b1024,DARPA TC E3,Theia Case 3,3,development,e3-c3-k1,native_new,poi_only,1024,,v6_history_channel,,cc7d2b3d1c5e4889c37417870f70d77638844a7b4e46c8a4cb99ee010a7c14b6,98dddd525f26b637ffb348f81fca12534c25b4ff8b49db9cf6413e434a5bbb31,anchor_score,,,8236,8192,8192,1024,1016,8,,1.0,406.6923904612782,,,0.0017540791614335527,,,0.12183951959013939,860.05078125,ok,55e927d21458711f13ab548263f2cb3f892d07ad2ec397def2e7327f06a2279d,f43b0e32dc190de6614487043679523b25c5afa4c1acdba1a8632a400ad30157,95884055355027cbd379470467f28b1d36f851af1a9ce8da8adf7f94dd70ec5b,1,1.0,1.0,1.0,229,1.0,0.2236328125,0.3655227454110136,795,0,1131194,1.0,1.0,9,9,9,5,5,1.0,3,"{""fp"": null, ""fn"": null, ""precision"": null, ""recall"": null, ""f1"": null}"
e3-c3-k1-witness_plus_detail-b256,DARPA TC E3,Theia Case 3,3,development,e3-c3-k1,native_new,poi_only,256,,v6_history_channel,,cc7d2b3d1c5e4889c37417870f70d77638844a7b4e46c8a4cb99ee010a7c14b6,98dddd525f26b637ffb348f81fca12534c25b4ff8b49db9cf6413e434a5bbb31,witness_plus_detail,,,8236,8192,8192,256,253,3,,1.0,1.055270046901616,,,0.0017540791614335527,,,0.14791442453861237,860.05078125,ok,55e927d21458711f13ab548263f2cb3f892d07ad2ec397def2e7327f06a2279d,f43b0e32dc190de6614487043679523b25c5afa4c1acdba1a8632a400ad30157,95884055355027cbd379470467f28b1d36f851af1a9ce8da8adf7f94dd70ec5b,2,1.0,1.0,1.0,7,0.03056768558951965,0.02734375,0.0288659793814433,249,222,1131740,0.7777777777777778,0.4444444444444444,7,9,4,5,5,0.017699115044247787,3,"{""fp"": null, ""fn"": null, ""precision"": null, ""recall"": null, ""f1"": null}"
e3-c3-k1-witness_plus_detail-b1024,DARPA TC E3,Theia Case 3,3,development,e3-c3-k1,native_new,poi_only,1024,,v6_history_channel,,cc7d2b3d1c5e4889c37417870f70d77638844a7b4e46c8a4cb99ee010a7c14b6,98dddd525f26b637ffb348f81fca12534c25b4ff8b49db9cf6413e434a5bbb31,witness_plus_detail,,,8236,8192,8192,1024,1013,11,,1.0,1.4703932994628561,,,0.0017540791614335527,,,0.21500811353325844,860.05078125,ok,55e927d21458711f13ab548263f2cb3f892d07ad2ec397def2e7327f06a2279d,f43b0e32dc190de6614487043679523b25c5afa4c1acdba1a8632a400ad30157,95884055355027cbd379470467f28b1d36f851af1a9ce8da8adf7f94dd70ec5b,1,1.0,1.0,1.0,229,1.0,0.2236328125,0.3655227454110136,795,0,1131194,1.0,1.0,9,9,9,5,5,1.0,3,"{""fp"": null, ""fn"": null, ""precision"": null, ""recall"": null, ""f1"": null}"
e3-c3-k3-edge_score-b256,DARPA TC E3,Theia Case 3,3,development,e3-c3-k3,native_new,poi_only,256,,v6_history_channel,,d82af6bd7c6301a8019401a46f6643c0971c24e01a5d1c9b4e40ff3b118e0f8a,98dddd525f26b637ffb348f81fca12534c25b4ff8b49db9cf6413e434a5bbb31,edge_score,,,8287,8192,24537,256,256,0,,1.0,196.14547810685275,,,0.0017540791614335527,,,0.23726597800850868,860.05078125,ok,55e927d21458711f13ab548263f2cb3f892d07ad2ec397def2e7327f06a2279d,f43b0e32dc190de6614487043679523b25c5afa4c1acdba1a8632a400ad30157,95884055355027cbd379470467f28b1d36f851af1a9ce8da8adf7f94dd70ec5b,3,1.0,1.0,1.0,227,0.9912663755458515,0.88671875,0.9360824742268041,29,2,1131960,0.8888888888888888,0.8888888888888888,8,9,8,5,5,0.9911504424778761,3,"{""fp"": null, ""fn"": null, ""precision"": null, ""recall"": null, ""f1"": null}"
e3-c3-k3-edge_score-b1024,DARPA TC E3,Theia Case 3,3,development,e3-c3-k3,native_new,poi_only,1024,,v6_history_channel,,d82af6bd7c6301a8019401a46f6643c0971c24e01a5d1c9b4e40ff3b118e0f8a,98dddd525f26b637ffb348f81fca12534c25b4ff8b49db9cf6413e434a5bbb31,edge_score,,,8287,8192,24537,1024,1016,8,,1.0,408.3981177260923,,,0.0017540791614335527,,,0.41667941585183144,860.05078125,ok,55e927d21458711f13ab548263f2cb3f892d07ad2ec397def2e7327f06a2279d,f43b0e32dc190de6614487043679523b25c5afa4c1acdba1a8632a400ad30157,95884055355027cbd379470467f28b1d36f851af1a9ce8da8adf7f94dd70ec5b,1,1.0,1.0,1.0,229,1.0,0.2236328125,0.3655227454110136,795,0,1131194,1.0,1.0,9,9,9,5,5,1.0,3,"{""fp"": null, ""fn"": null, ""precision"": null, ""recall"": null, ""f1"": null}"
e3-c3-k3-anchor_score-b256,DARPA TC E3,Theia Case 3,3,development,e3-c3-k3,native_new,poi_only,256,,v6_history_channel,,d82af6bd7c6301a8019401a46f6643c0971c24e01a5d1c9b4e40ff3b118e0f8a,98dddd525f26b637ffb348f81fca12534c25b4ff8b49db9cf6413e434a5bbb31,anchor_score,,,8287,8192,24537,256,256,0,,1.0,196.1454781068528,,,0.0017540791614335527,,,0.24185875430703163,860.05078125,ok,55e927d21458711f13ab548263f2cb3f892d07ad2ec397def2e7327f06a2279d,f43b0e32dc190de6614487043679523b25c5afa4c1acdba1a8632a400ad30157,95884055355027cbd379470467f28b1d36f851af1a9ce8da8adf7f94dd70ec5b,3,1.0,1.0,1.0,227,0.9912663755458515,0.88671875,0.9360824742268041,29,2,1131960,0.8888888888888888,0.8888888888888888,8,9,8,5,5,0.9911504424778761,3,"{""fp"": null, ""fn"": null, ""precision"": null, ""recall"": null, ""f1"": null}"
e3-c3-k3-anchor_score-b1024,DARPA TC E3,Theia Case 3,3,development,e3-c3-k3,native_new,poi_only,1024,,v6_history_channel,,d82af6bd7c6301a8019401a46f6643c0971c24e01a5d1c9b4e40ff3b118e0f8a,98dddd525f26b637ffb348f81fca12534c25b4ff8b49db9cf6413e434a5bbb31,anchor_score,,,8287,8192,24537,1024,1016,8,,1.0,406.72289407288037,,,0.0017540791614335527,,,0.42000967636704445,860.05078125,ok,55e927d21458711f13ab548263f2cb3f892d07ad2ec397def2e7327f06a2279d,f43b0e32dc190de6614487043679523b25c5afa4c1acdba1a8632a400ad30157,95884055355027cbd379470467f28b1d36f851af1a9ce8da8adf7f94dd70ec5b,1,1.0,1.0,1.0,229,1.0,0.2236328125,0.3655227454110136,795,0,1131194,1.0,1.0,9,9,9,5,5,1.0,3,"{""fp"": null, ""fn"": null, ""precision"": null, ""recall"": null, ""f1"": null}"
e3-c3-k3-witness_plus_detail-b256,DARPA TC E3,Theia Case 3,3,development,e3-c3-k3,native_new,poi_only,256,,v6_history_channel,,d82af6bd7c6301a8019401a46f6643c0971c24e01a5d1c9b4e40ff3b118e0f8a,98dddd525f26b637ffb348f81fca12534c25b4ff8b49db9cf6413e434a5bbb31,witness_plus_detail,,,8287,8192,24537,256,253,3,,1.0,1.0538100519801032,,,0.0017540791614335527,,,0.4034835211932659,860.05078125,ok,55e927d21458711f13ab548263f2cb3f892d07ad2ec397def2e7327f06a2279d,f43b0e32dc190de6614487043679523b25c5afa4c1acdba1a8632a400ad30157,95884055355027cbd379470467f28b1d36f851af1a9ce8da8adf7f94dd70ec5b,2,1.0,1.0,1.0,7,0.03056768558951965,0.02734375,0.0288659793814433,249,222,1131740,0.7777777777777778,0.4444444444444444,7,9,4,5,5,0.017699115044247787,3,"{""fp"": null, ""fn"": null, ""precision"": null, ""recall"": null, ""f1"": null}"
e3-c3-k3-witness_plus_detail-b1024,DARPA TC E3,Theia Case 3,3,development,e3-c3-k3,native_new,poi_only,1024,,v6_history_channel,,d82af6bd7c6301a8019401a46f6643c0971c24e01a5d1c9b4e40ff3b118e0f8a,98dddd525f26b637ffb348f81fca12534c25b4ff8b49db9cf6413e434a5bbb31,witness_plus_detail,,,8287,8192,24537,1024,1013,11,,1.0,1.4706577111886283,,,0.0017540791614335527,,,0.6785891503095627,860.05078125,ok,55e927d21458711f13ab548263f2cb3f892d07ad2ec397def2e7327f06a2279d,f43b0e32dc190de6614487043679523b25c5afa4c1acdba1a8632a400ad30157,95884055355027cbd379470467f28b1d36f851af1a9ce8da8adf7f94dd70ec5b,1,1.0,1.0,1.0,229,1.0,0.2236328125,0.3655227454110136,795,0,1131194,1.0,1.0,9,9,9,5,5,1.0,3,"{""fp"": null, ""fn"": null, ""precision"": null, ""recall"": null, ""f1"": null}"
e0-c4-b256-witness_rerank,DARPA TC E3,Theia Case 5,4,development,witness_rerank,native_reproduced,poi_only,256,,v4_original,,,98dddd525f26b637ffb348f81fca12534c25b4ff8b49db9cf6413e434a5bbb31,legacy_portfolio,,,,,,256,246,10,,,,,,1.0,,,0.030326269567012787,280.1328125,ok,55e927d21458711f13ab548263f2cb3f892d07ad2ec397def2e7327f06a2279d,f43b0e32dc190de6614487043679523b25c5afa4c1acdba1a8632a400ad30157,cb16eaf3d9c098f5528b334a7d7dc94cfe60faf8cc5a8d59d13b1cb1eeef48a8,1,1.0,1.0,1.0,26,0.8387096774193549,0.1015625,0.18118466898954705,230,5,137501,0.375,0.375,3,8,3,2,6,0.8333333333333334,1,"{""fp"": null, ""fn"": null, ""precision"": null, ""recall"": null, ""f1"": null}"
e0-c4-b256-history_channel_portfolio,DARPA TC E3,Theia Case 5,4,development,history_channel_portfolio,native_reproduced,poi_only,256,,v6_history_channel,,,98dddd525f26b637ffb348f81fca12534c25b4ff8b49db9cf6413e434a5bbb31,legacy_portfolio,,,,,,256,246,10,,,,,,1.0,,,0.03078480064868927,280.1328125,ok,55e927d21458711f13ab548263f2cb3f892d07ad2ec397def2e7327f06a2279d,f43b0e32dc190de6614487043679523b25c5afa4c1acdba1a8632a400ad30157,cb16eaf3d9c098f5528b334a7d7dc94cfe60faf8cc5a8d59d13b1cb1eeef48a8,1,1.0,1.0,1.0,27,0.8709677419354839,0.10546875,0.18815331010452963,229,4,137502,0.5,0.5,4,8,4,3,6,0.8666666666666667,1,"{""fp"": null, ""fn"": null, ""precision"": null, ""recall"": null, ""f1"": null}"
e0-c4-b1024-witness_rerank,DARPA TC E3,Theia Case 5,4,development,witness_rerank,native_reproduced,poi_only,1024,,v4_original,,,98dddd525f26b637ffb348f81fca12534c25b4ff8b49db9cf6413e434a5bbb31,legacy_portfolio,,,,,,1024,1009,15,,,,,,1.0,,,0.033361367881298065,280.1328125,ok,55e927d21458711f13ab548263f2cb3f892d07ad2ec397def2e7327f06a2279d,f43b0e32dc190de6614487043679523b25c5afa4c1acdba1a8632a400ad30157,cb16eaf3d9c098f5528b334a7d7dc94cfe60faf8cc5a8d59d13b1cb1eeef48a8,1,1.0,1.0,1.0,29,0.9354838709677419,0.0283203125,0.054976303317535544,995,2,136736,0.75,0.75,6,8,6,4,6,0.9333333333333333,1,"{""fp"": null, ""fn"": null, ""precision"": null, ""recall"": null, ""f1"": null}"
e0-c4-b1024-history_channel_portfolio,DARPA TC E3,Theia Case 5,4,development,history_channel_portfolio,native_reproduced,poi_only,1024,,v6_history_channel,,,98dddd525f26b637ffb348f81fca12534c25b4ff8b49db9cf6413e434a5bbb31,legacy_portfolio,,,,,,1024,1009,15,,,,,,1.0,,,0.034268639981746674,280.1328125,ok,55e927d21458711f13ab548263f2cb3f892d07ad2ec397def2e7327f06a2279d,f43b0e32dc190de6614487043679523b25c5afa4c1acdba1a8632a400ad30157,cb16eaf3d9c098f5528b334a7d7dc94cfe60faf8cc5a8d59d13b1cb1eeef48a8,1,1.0,1.0,1.0,29,0.9354838709677419,0.0283203125,0.054976303317535544,995,2,136736,0.75,0.75,6,8,6,4,6,0.9333333333333333,1,"{""fp"": null, ""fn"": null, ""precision"": null, ""recall"": null, ""f1"": null}"
e2-c4-event-primary-b256,DARPA TC E3,Theia Case 5,4,development,e2-c4-event-primary,native_new,poi_only,256,,v6_history_channel,event,f6585c65a5b1510ccf332bd100b05d1a5aa3c01d00793896af995712483e3c7f,98dddd525f26b637ffb348f81fca12534c25b4ff8b49db9cf6413e434a5bbb31,edge_score,0,137762,32768,32768,32768,256,256,0,,1.0,127.51049085495586,,,1.0,,,0.3012048080563545,280.1328125,ok,55e927d21458711f13ab548263f2cb3f892d07ad2ec397def2e7327f06a2279d,f43b0e32dc190de6614487043679523b25c5afa4c1acdba1a8632a400ad30157,cb16eaf3d9c098f5528b334a7d7dc94cfe60faf8cc5a8d59d13b1cb1eeef48a8,1,1.0,1.0,1.0,25,0.8064516129032258,0.09765625,0.17421602787456447,231,6,137500,0.25,0.25,2,8,2,2,6,0.8,1,"{""fp"": null, ""fn"": null, ""precision"": null, ""recall"": null, ""f1"": null}"
e2-c4-event-primary-b1024,DARPA TC E3,Theia Case 5,4,development,e2-c4-event-primary,native_new,poi_only,1024,,v6_history_channel,event,f6585c65a5b1510ccf332bd100b05d1a5aa3c01d00793896af995712483e3c7f,98dddd525f26b637ffb348f81fca12534c25b4ff8b49db9cf6413e434a5bbb31,edge_score,0,137762,32768,32768,32768,1024,1019,5,,1.0,268.38785857855487,,,1.0,,,0.5921394899487495,280.1328125,ok,55e927d21458711f13ab548263f2cb3f892d07ad2ec397def2e7327f06a2279d,f43b0e32dc190de6614487043679523b25c5afa4c1acdba1a8632a400ad30157,cb16eaf3d9c098f5528b334a7d7dc94cfe60faf8cc5a8d59d13b1cb1eeef48a8,1,1.0,1.0,1.0,26,0.8387096774193549,0.025390625,0.04928909952606635,998,5,136733,0.375,0.375,3,8,3,2,6,0.8333333333333334,1,"{""fp"": null, ""fn"": null, ""precision"": null, ""recall"": null, ""f1"": null}"
e2-c4-event-rrf-b256,DARPA TC E3,Theia Case 5,4,development,e2-c4-event-rrf,native_new,poi_only,256,,v6_history_channel,event,e93eb4ae54201d916233384dd484862d9c62b054f5f4a443f43050d14cfb1634,98dddd525f26b637ffb348f81fca12534c25b4ff8b49db9cf6413e434a5bbb31,edge_score,0,137762,32768,32768,32768,256,256,0,,1.0,127.51049085495586,,,1.0,,,0.3073165975511074,280.1328125,ok,55e927d21458711f13ab548263f2cb3f892d07ad2ec397def2e7327f06a2279d,f43b0e32dc190de6614487043679523b25c5afa4c1acdba1a8632a400ad30157,cb16eaf3d9c098f5528b334a7d7dc94cfe60faf8cc5a8d59d13b1cb1eeef48a8,1,1.0,1.0,1.0,25,0.8064516129032258,0.09765625,0.17421602787456447,231,6,137500,0.25,0.25,2,8,2,2,6,0.8,1,"{""fp"": null, ""fn"": null, ""precision"": null, ""recall"": null, ""f1"": null}"
e2-c4-event-rrf-b1024,DARPA TC E3,Theia Case 5,4,development,e2-c4-event-rrf,native_new,poi_only,1024,,v6_history_channel,event,e93eb4ae54201d916233384dd484862d9c62b054f5f4a443f43050d14cfb1634,98dddd525f26b637ffb348f81fca12534c25b4ff8b49db9cf6413e434a5bbb31,edge_score,0,137762,32768,32768,32768,1024,1019,5,,1.0,268.38785857855487,,,1.0,,,0.5578860305249691,280.1328125,ok,55e927d21458711f13ab548263f2cb3f892d07ad2ec397def2e7327f06a2279d,f43b0e32dc190de6614487043679523b25c5afa4c1acdba1a8632a400ad30157,cb16eaf3d9c098f5528b334a7d7dc94cfe60faf8cc5a8d59d13b1cb1eeef48a8,1,1.0,1.0,1.0,26,0.8387096774193549,0.025390625,0.04928909952606635,998,5,136733,0.375,0.375,3,8,3,2,6,0.8333333333333334,1,"{""fp"": null, ""fn"": null, ""precision"": null, ""recall"": null, ""f1"": null}"
e2-c4-group-primary-b256,DARPA TC E3,Theia Case 5,4,development,e2-c4-group-primary,native_new,poi_only,256,,v6_history_channel,group,287d53a533bd9297cf43e321a5df0204cfc31903a9de1e47a2fbb74b8fddf0fa,98dddd525f26b637ffb348f81fca12534c25b4ff8b49db9cf6413e434a5bbb31,edge_score,66162,137762,32768,32768,32768,256,256,0,,1.0,127.51049085495586,,,1.0,,,0.27579212933778763,280.1328125,ok,55e927d21458711f13ab548263f2cb3f892d07ad2ec397def2e7327f06a2279d,f43b0e32dc190de6614487043679523b25c5afa4c1acdba1a8632a400ad30157,cb16eaf3d9c098f5528b334a7d7dc94cfe60faf8cc5a8d59d13b1cb1eeef48a8,1,1.0,1.0,1.0,25,0.8064516129032258,0.09765625,0.17421602787456447,231,6,137500,0.25,0.25,2,8,2,2,6,0.8,1,"{""fp"": null, ""fn"": null, ""precision"": null, ""recall"": null, ""f1"": null}"
e2-c4-group-primary-b1024,DARPA TC E3,Theia Case 5,4,development,e2-c4-group-primary,native_new,poi_only,1024,,v6_history_channel,group,287d53a533bd9297cf43e321a5df0204cfc31903a9de1e47a2fbb74b8fddf0fa,98dddd525f26b637ffb348f81fca12534c25b4ff8b49db9cf6413e434a5bbb31,edge_score,66162,137762,32768,32768,32768,1024,1019,5,,1.0,268.38785857855487,,,1.0,,,0.5856276527047157,280.1328125,ok,55e927d21458711f13ab548263f2cb3f892d07ad2ec397def2e7327f06a2279d,f43b0e32dc190de6614487043679523b25c5afa4c1acdba1a8632a400ad30157,cb16eaf3d9c098f5528b334a7d7dc94cfe60faf8cc5a8d59d13b1cb1eeef48a8,1,1.0,1.0,1.0,26,0.8387096774193549,0.025390625,0.04928909952606635,998,5,136733,0.375,0.375,3,8,3,2,6,0.8333333333333334,1,"{""fp"": null, ""fn"": null, ""precision"": null, ""recall"": null, ""f1"": null}"
e2-c4-group-rrf-b256,DARPA TC E3,Theia Case 5,4,development,e2-c4-group-rrf,native_new,poi_only,256,,v6_history_channel,group,5e524c3516beb632dbcd2aef833892e3ab0e823be6889eb6616971828991ddd1,98dddd525f26b637ffb348f81fca12534c25b4ff8b49db9cf6413e434a5bbb31,edge_score,66162,137762,32768,32768,32768,256,256,0,,1.0,127.51049085495586,,,1.0,,,0.30295510962605476,280.1328125,ok,55e927d21458711f13ab548263f2cb3f892d07ad2ec397def2e7327f06a2279d,f43b0e32dc190de6614487043679523b25c5afa4c1acdba1a8632a400ad30157,cb16eaf3d9c098f5528b334a7d7dc94cfe60faf8cc5a8d59d13b1cb1eeef48a8,1,1.0,1.0,1.0,25,0.8064516129032258,0.09765625,0.17421602787456447,231,6,137500,0.25,0.25,2,8,2,2,6,0.8,1,"{""fp"": null, ""fn"": null, ""precision"": null, ""recall"": null, ""f1"": null}"
e2-c4-group-rrf-b1024,DARPA TC E3,Theia Case 5,4,development,e2-c4-group-rrf,native_new,poi_only,1024,,v6_history_channel,group,5e524c3516beb632dbcd2aef833892e3ab0e823be6889eb6616971828991ddd1,98dddd525f26b637ffb348f81fca12534c25b4ff8b49db9cf6413e434a5bbb31,edge_score,66162,137762,32768,32768,32768,1024,1019,5,,1.0,268.38785857855487,,,1.0,,,0.6032955311238766,280.1328125,ok,55e927d21458711f13ab548263f2cb3f892d07ad2ec397def2e7327f06a2279d,f43b0e32dc190de6614487043679523b25c5afa4c1acdba1a8632a400ad30157,cb16eaf3d9c098f5528b334a7d7dc94cfe60faf8cc5a8d59d13b1cb1eeef48a8,1,1.0,1.0,1.0,26,0.8387096774193549,0.025390625,0.04928909952606635,998,5,136733,0.375,0.375,3,8,3,2,6,0.8333333333333334,1,"{""fp"": null, ""fn"": null, ""precision"": null, ""recall"": null, ""f1"": null}"
e3-c4-k1-edge_score-b256,DARPA TC E3,Theia Case 5,4,development,e3-c4-k1,native_new,poi_only,256,,v6_history_channel,,ed1011cdbe4ec81c17f7324cb4fc4c1a00f14e1f03721a8473ee3725fa0024ce,98dddd525f26b637ffb348f81fca12534c25b4ff8b49db9cf6413e434a5bbb31,edge_score,,,8192,8192,8192,256,256,0,,1.0,127.51049085495586,,,1.0,,,0.07102679833769798,280.1328125,ok,55e927d21458711f13ab548263f2cb3f892d07ad2ec397def2e7327f06a2279d,f43b0e32dc190de6614487043679523b25c5afa4c1acdba1a8632a400ad30157,cb16eaf3d9c098f5528b334a7d7dc94cfe60faf8cc5a8d59d13b1cb1eeef48a8,1,1.0,1.0,1.0,25,0.8064516129032258,0.09765625,0.17421602787456447,231,6,137500,0.25,0.25,2,8,2,2,6,0.8,1,"{""fp"": null, ""fn"": null, ""precision"": null, ""recall"": null, ""f1"": null}"
e3-c4-k1-edge_score-b1024,DARPA TC E3,Theia Case 5,4,development,e3-c4-k1,native_new,poi_only,1024,,v6_history_channel,,ed1011cdbe4ec81c17f7324cb4fc4c1a00f14e1f03721a8473ee3725fa0024ce,98dddd525f26b637ffb348f81fca12534c25b4ff8b49db9cf6413e434a5bbb31,edge_score,,,8192,8192,8192,1024,1019,5,,1.0,268.38785857855487,,,1.0,,,0.14850285649299622,280.1328125,ok,55e927d21458711f13ab548263f2cb3f892d07ad2ec397def2e7327f06a2279d,f43b0e32dc190de6614487043679523b25c5afa4c1acdba1a8632a400ad30157,cb16eaf3d9c098f5528b334a7d7dc94cfe60faf8cc5a8d59d13b1cb1eeef48a8,1,1.0,1.0,1.0,26,0.8387096774193549,0.025390625,0.04928909952606635,998,5,136733,0.375,0.375,3,8,3,2,6,0.8333333333333334,1,"{""fp"": null, ""fn"": null, ""precision"": null, ""recall"": null, ""f1"": null}"
e3-c4-k1-anchor_score-b256,DARPA TC E3,Theia Case 5,4,development,e3-c4-k1,native_new,poi_only,256,,v6_history_channel,,ed1011cdbe4ec81c17f7324cb4fc4c1a00f14e1f03721a8473ee3725fa0024ce,98dddd525f26b637ffb348f81fca12534c25b4ff8b49db9cf6413e434a5bbb31,anchor_score,,,8192,8192,8192,256,256,0,,1.0,126.76995886947668,,,1.0,,,0.0707017295062542,280.1328125,ok,55e927d21458711f13ab548263f2cb3f892d07ad2ec397def2e7327f06a2279d,f43b0e32dc190de6614487043679523b25c5afa4c1acdba1a8632a400ad30157,cb16eaf3d9c098f5528b334a7d7dc94cfe60faf8cc5a8d59d13b1cb1eeef48a8,1,1.0,1.0,1.0,24,0.7741935483870968,0.09375,0.1672473867595819,232,7,137499,0.125,0.125,1,8,1,1,6,0.7666666666666667,1,"{""fp"": null, ""fn"": null, ""precision"": null, ""recall"": null, ""f1"": null}"
e3-c4-k1-anchor_score-b1024,DARPA TC E3,Theia Case 5,4,development,e3-c4-k1,native_new,poi_only,1024,,v6_history_channel,,ed1011cdbe4ec81c17f7324cb4fc4c1a00f14e1f03721a8473ee3725fa0024ce,98dddd525f26b637ffb348f81fca12534c25b4ff8b49db9cf6413e434a5bbb31,anchor_score,,,8192,8192,8192,1024,1019,5,,1.0,268.38785857855487,,,1.0,,,0.18575064465403557,280.1328125,ok,55e927d21458711f13ab548263f2cb3f892d07ad2ec397def2e7327f06a2279d,f43b0e32dc190de6614487043679523b25c5afa4c1acdba1a8632a400ad30157,cb16eaf3d9c098f5528b334a7d7dc94cfe60faf8cc5a8d59d13b1cb1eeef48a8,1,1.0,1.0,1.0,26,0.8387096774193549,0.025390625,0.04928909952606635,998,5,136733,0.375,0.375,3,8,3,2,6,0.8333333333333334,1,"{""fp"": null, ""fn"": null, ""precision"": null, ""recall"": null, ""f1"": null}"
e3-c4-k1-witness_plus_detail-b256,DARPA TC E3,Theia Case 5,4,development,e3-c4-k1,native_new,poi_only,256,,v6_history_channel,,ed1011cdbe4ec81c17f7324cb4fc4c1a00f14e1f03721a8473ee3725fa0024ce,98dddd525f26b637ffb348f81fca12534c25b4ff8b49db9cf6413e434a5bbb31,witness_plus_detail,,,8192,8192,8192,256,253,3,,1.0,1.4234018806273037,,,1.0,,,0.12076616659760475,280.1328125,ok,55e927d21458711f13ab548263f2cb3f892d07ad2ec397def2e7327f06a2279d,f43b0e32dc190de6614487043679523b25c5afa4c1acdba1a8632a400ad30157,cb16eaf3d9c098f5528b334a7d7dc94cfe60faf8cc5a8d59d13b1cb1eeef48a8,1,1.0,1.0,1.0,26,0.8387096774193549,0.1015625,0.18118466898954705,230,5,137501,0.375,0.375,3,8,3,2,6,0.8333333333333334,1,"{""fp"": null, ""fn"": null, ""precision"": null, ""recall"": null, ""f1"": null}"
e3-c4-k1-witness_plus_detail-b1024,DARPA TC E3,Theia Case 5,4,development,e3-c4-k1,native_new,poi_only,1024,,v6_history_channel,,ed1011cdbe4ec81c17f7324cb4fc4c1a00f14e1f03721a8473ee3725fa0024ce,98dddd525f26b637ffb348f81fca12534c25b4ff8b49db9cf6413e434a5bbb31,witness_plus_detail,,,8192,8192,8192,1024,1011,13,,1.0,1.999999954233488,,,1.0,,,0.2574782855808735,280.1328125,ok,55e927d21458711f13ab548263f2cb3f892d07ad2ec397def2e7327f06a2279d,f43b0e32dc190de6614487043679523b25c5afa4c1acdba1a8632a400ad30157,cb16eaf3d9c098f5528b334a7d7dc94cfe60faf8cc5a8d59d13b1cb1eeef48a8,1,1.0,1.0,1.0,27,0.8709677419354839,0.0263671875,0.05118483412322275,997,4,136734,0.5,0.5,4,8,4,3,6,0.8666666666666667,1,"{""fp"": null, ""fn"": null, ""precision"": null, ""recall"": null, ""f1"": null}"
e3-c4-k3-edge_score-b256,DARPA TC E3,Theia Case 5,4,development,e3-c4-k3,native_new,poi_only,256,,v6_history_channel,,7f16a2e08b50ad70efc6b89e575f5dadf0ae8336e51c2b87c18d29746c427ef7,98dddd525f26b637ffb348f81fca12534c25b4ff8b49db9cf6413e434a5bbb31,edge_score,,,8192,8192,24224,256,256,0,,1.0,129.3951163168297,,,1.0,,,0.21871795877814293,280.1328125,ok,55e927d21458711f13ab548263f2cb3f892d07ad2ec397def2e7327f06a2279d,f43b0e32dc190de6614487043679523b25c5afa4c1acdba1a8632a400ad30157,cb16eaf3d9c098f5528b334a7d7dc94cfe60faf8cc5a8d59d13b1cb1eeef48a8,1,1.0,1.0,1.0,25,0.8064516129032258,0.09765625,0.17421602787456447,231,6,137500,0.25,0.25,2,8,2,2,6,0.8,1,"{""fp"": null, ""fn"": null, ""precision"": null, ""recall"": null, ""f1"": null}"
e3-c4-k3-edge_score-b1024,DARPA TC E3,Theia Case 5,4,development,e3-c4-k3,native_new,poi_only,1024,,v6_history_channel,,7f16a2e08b50ad70efc6b89e575f5dadf0ae8336e51c2b87c18d29746c427ef7,98dddd525f26b637ffb348f81fca12534c25b4ff8b49db9cf6413e434a5bbb31,edge_score,,,8192,8192,24224,1024,1019,5,,1.0,268.38785858091654,,,1.0,,,0.49681997299194336,280.1328125,ok,55e927d21458711f13ab548263f2cb3f892d07ad2ec397def2e7327f06a2279d,f43b0e32dc190de6614487043679523b25c5afa4c1acdba1a8632a400ad30157,cb16eaf3d9c098f5528b334a7d7dc94cfe60faf8cc5a8d59d13b1cb1eeef48a8,1,1.0,1.0,1.0,26,0.8387096774193549,0.025390625,0.04928909952606635,998,5,136733,0.375,0.375,3,8,3,2,6,0.8333333333333334,1,"{""fp"": null, ""fn"": null, ""precision"": null, ""recall"": null, ""f1"": null}"
e3-c4-k3-anchor_score-b256,DARPA TC E3,Theia Case 5,4,development,e3-c4-k3,native_new,poi_only,256,,v6_history_channel,,7f16a2e08b50ad70efc6b89e575f5dadf0ae8336e51c2b87c18d29746c427ef7,98dddd525f26b637ffb348f81fca12534c25b4ff8b49db9cf6413e434a5bbb31,anchor_score,,,8192,8192,24224,256,256,0,,1.0,128.36843534533088,,,1.0,,,0.22364892810583115,280.1328125,ok,55e927d21458711f13ab548263f2cb3f892d07ad2ec397def2e7327f06a2279d,f43b0e32dc190de6614487043679523b25c5afa4c1acdba1a8632a400ad30157,cb16eaf3d9c098f5528b334a7d7dc94cfe60faf8cc5a8d59d13b1cb1eeef48a8,1,1.0,1.0,1.0,25,0.8064516129032258,0.09765625,0.17421602787456447,231,6,137500,0.25,0.25,2,8,2,2,6,0.8,1,"{""fp"": null, ""fn"": null, ""precision"": null, ""recall"": null, ""f1"": null}"
e3-c4-k3-anchor_score-b1024,DARPA TC E3,Theia Case 5,4,development,e3-c4-k3,native_new,poi_only,1024,,v6_history_channel,,7f16a2e08b50ad70efc6b89e575f5dadf0ae8336e51c2b87c18d29746c427ef7,98dddd525f26b637ffb348f81fca12534c25b4ff8b49db9cf6413e434a5bbb31,anchor_score,,,8192,8192,24224,1024,1019,5,,1.0,268.38785857855487,,,1.0,,,0.4596871919929981,280.1328125,ok,55e927d21458711f13ab548263f2cb3f892d07ad2ec397def2e7327f06a2279d,f43b0e32dc190de6614487043679523b25c5afa4c1acdba1a8632a400ad30157,cb16eaf3d9c098f5528b334a7d7dc94cfe60faf8cc5a8d59d13b1cb1eeef48a8,1,1.0,1.0,1.0,26,0.8387096774193549,0.025390625,0.04928909952606635,998,5,136733,0.375,0.375,3,8,3,2,6,0.8333333333333334,1,"{""fp"": null, ""fn"": null, ""precision"": null, ""recall"": null, ""f1"": null}"
e3-c4-k3-witness_plus_detail-b256,DARPA TC E3,Theia Case 5,4,development,e3-c4-k3,native_new,poi_only,256,,v6_history_channel,,7f16a2e08b50ad70efc6b89e575f5dadf0ae8336e51c2b87c18d29746c427ef7,98dddd525f26b637ffb348f81fca12534c25b4ff8b49db9cf6413e434a5bbb31,witness_plus_detail,,,8192,8192,24224,256,253,3,,1.0,1.4236192302435668,,,1.0,,,0.33997632935643196,280.1328125,ok,55e927d21458711f13ab548263f2cb3f892d07ad2ec397def2e7327f06a2279d,f43b0e32dc190de6614487043679523b25c5afa4c1acdba1a8632a400ad30157,cb16eaf3d9c098f5528b334a7d7dc94cfe60faf8cc5a8d59d13b1cb1eeef48a8,1,1.0,1.0,1.0,26,0.8387096774193549,0.1015625,0.18118466898954705,230,5,137501,0.375,0.375,3,8,3,2,6,0.8333333333333334,1,"{""fp"": null, ""fn"": null, ""precision"": null, ""recall"": null, ""f1"": null}"
e3-c4-k3-witness_plus_detail-b1024,DARPA TC E3,Theia Case 5,4,development,e3-c4-k3,native_new,poi_only,1024,,v6_history_channel,,7f16a2e08b50ad70efc6b89e575f5dadf0ae8336e51c2b87c18d29746c427ef7,98dddd525f26b637ffb348f81fca12534c25b4ff8b49db9cf6413e434a5bbb31,witness_plus_detail,,,8192,8192,24224,1024,1011,13,,1.0,1.999999954233488,,,1.0,,,0.7566038891673088,280.1328125,ok,55e927d21458711f13ab548263f2cb3f892d07ad2ec397def2e7327f06a2279d,f43b0e32dc190de6614487043679523b25c5afa4c1acdba1a8632a400ad30157,cb16eaf3d9c098f5528b334a7d7dc94cfe60faf8cc5a8d59d13b1cb1eeef48a8,1,1.0,1.0,1.0,27,0.8709677419354839,0.0263671875,0.05118483412322275,997,4,136734,0.5,0.5,4,8,4,3,6,0.8666666666666667,1,"{""fp"": null, ""fn"": null, ""precision"": null, ""recall"": null, ""f1"": null}"
