case,kind,method,budget_ratio,candidate_edges,retained_edges,actual_compression,complete_reference_chains,reference_chain_total,whole_reference_retention,verified_attack_chain_retention,positive_event_retention
cadets06,real,rarity_only,0.01,102232,1022,0.9900031301353783,0,121,0.0,,0.7048192771084337
cadets06,real,diffusion_only,0.01,102232,1022,0.9900031301353783,0,121,0.0,,0.9939759036144579
cadets06,real,rasp,0.01,102232,1022,0.9900031301353783,120,121,0.9917355371900827,,0.9939759036144579
cadets06,real,contextual,0.01,102232,1022,0.9900031301353783,121,121,1.0,,1.0
cadets06,real,chain_only,0.01,102232,1022,0.9900031301353783,120,121,0.9917355371900827,,0.9939759036144579
cadets06,real,adaptive,0.01,102232,1022,0.9900031301353783,121,121,1.0,,1.0
cadets06,real,rarity_only,0.02,102232,2044,0.9800062602707567,0,121,0.0,,0.963855421686747
cadets06,real,diffusion_only,0.02,102232,2044,0.9800062602707567,121,121,1.0,,1.0
cadets06,real,rasp,0.02,102232,2044,0.9800062602707567,121,121,1.0,,1.0
cadets06,real,contextual,0.02,102232,2044,0.9800062602707567,121,121,1.0,,1.0
cadets06,real,chain_only,0.02,102232,2044,0.9800062602707567,121,121,1.0,,1.0
cadets06,real,adaptive,0.02,102232,2044,0.9800062602707567,121,121,1.0,,1.0
cadets06,real,rarity_only,0.05,102232,5111,0.9500058690038344,0,121,0.0,,0.9698795180722891
cadets06,real,diffusion_only,0.05,102232,5111,0.9500058690038344,121,121,1.0,,1.0
cadets06,real,rasp,0.05,102232,5111,0.9500058690038344,121,121,1.0,,1.0
cadets06,real,contextual,0.05,102232,5111,0.9500058690038344,121,121,1.0,,1.0
cadets06,real,chain_only,0.05,102232,5111,0.9500058690038344,121,121,1.0,,1.0
cadets06,real,adaptive,0.05,102232,5111,0.9500058690038344,121,121,1.0,,1.0
cadets06,real,rarity_only,0.1,102232,10223,0.9000019563346114,119,121,0.9834710743801653,,0.9879518072289156
cadets06,real,diffusion_only,0.1,102232,10223,0.9000019563346114,121,121,1.0,,1.0
cadets06,real,rasp,0.1,102232,10223,0.9000019563346114,121,121,1.0,,1.0
cadets06,real,contextual,0.1,102232,10223,0.9000019563346114,121,121,1.0,,1.0
cadets06,real,chain_only,0.1,102232,10223,0.9000019563346114,121,121,1.0,,1.0
cadets06,real,adaptive,0.1,102232,10223,0.9000019563346114,121,121,1.0,,1.0
cadets06,real,rarity_only,0.15,102232,15334,0.8500078253384459,119,121,0.9834710743801653,,0.9879518072289156
cadets06,real,diffusion_only,0.15,102232,15334,0.8500078253384459,121,121,1.0,,1.0
cadets06,real,rasp,0.15,102232,15334,0.8500078253384459,121,121,1.0,,1.0
cadets06,real,contextual,0.15,102232,15334,0.8500078253384459,121,121,1.0,,1.0
cadets06,real,chain_only,0.15,102232,15334,0.8500078253384459,121,121,1.0,,1.0
cadets06,real,adaptive,0.15,102232,15334,0.8500078253384459,121,121,1.0,,1.0
cadets06,real,rarity_only,0.2,102232,20446,0.8000039126692229,120,121,0.9917355371900827,,0.9939759036144579
cadets06,real,diffusion_only,0.2,102232,20446,0.8000039126692229,121,121,1.0,,1.0
cadets06,real,rasp,0.2,102232,20446,0.8000039126692229,121,121,1.0,,1.0
cadets06,real,contextual,0.2,102232,20446,0.8000039126692229,121,121,1.0,,1.0
cadets06,real,chain_only,0.2,102232,20446,0.8000039126692229,121,121,1.0,,1.0
cadets06,real,adaptive,0.2,102232,20446,0.8000039126692229,121,121,1.0,,1.0
cadets06,real,rarity_only,0.3,102232,30669,0.7000058690038344,120,121,0.9917355371900827,,0.9939759036144579
cadets06,real,diffusion_only,0.3,102232,30669,0.7000058690038344,121,121,1.0,,1.0
cadets06,real,rasp,0.3,102232,30669,0.7000058690038344,121,121,1.0,,1.0
cadets06,real,contextual,0.3,102232,30669,0.7000058690038344,121,121,1.0,,1.0
cadets06,real,chain_only,0.3,102232,30669,0.7000058690038344,121,121,1.0,,1.0
cadets06,real,adaptive,0.3,102232,30669,0.7000058690038344,121,121,1.0,,1.0
cadets06,real,rarity_only,0.5,102232,51116,0.5,121,121,1.0,,1.0
cadets06,real,diffusion_only,0.5,102232,51116,0.5,121,121,1.0,,1.0
cadets06,real,rasp,0.5,102232,51116,0.5,121,121,1.0,,1.0
cadets06,real,contextual,0.5,102232,51116,0.5,121,121,1.0,,1.0
cadets06,real,chain_only,0.5,102232,51116,0.5,121,121,1.0,,1.0
cadets06,real,adaptive,0.5,102232,51116,0.5,121,121,1.0,,1.0
cadets06,real,rarity_only,1.0,102232,83842,0.1798849675248454,121,121,1.0,,1.0
cadets06,real,diffusion_only,1.0,102232,83842,0.1798849675248454,121,121,1.0,,1.0
cadets06,real,rasp,1.0,102232,83842,0.1798849675248454,121,121,1.0,,1.0
cadets06,real,contextual,1.0,102232,83842,0.1798849675248454,121,121,1.0,,1.0
cadets06,real,chain_only,1.0,102232,83842,0.1798849675248454,121,121,1.0,,1.0
cadets06,real,adaptive,1.0,102232,83842,0.1798849675248454,121,121,1.0,,1.0
cadets12,real,rarity_only,0.01,138261,1382,0.9900044119455234,0,31,0.0,,0.045454545454545456
cadets12,real,diffusion_only,0.01,138261,1382,0.9900044119455234,1,31,0.03225806451612903,,0.8181818181818182
cadets12,real,rasp,0.01,138261,1382,0.9900044119455234,1,31,0.03225806451612903,,0.8863636363636364
cadets12,real,contextual,0.01,138261,1382,0.9900044119455234,1,31,0.03225806451612903,,0.8181818181818182
cadets12,real,chain_only,0.01,138261,1382,0.9900044119455234,1,31,0.03225806451612903,,0.8863636363636364
cadets12,real,adaptive,0.01,138261,1382,0.9900044119455234,1,31,0.03225806451612903,,0.8181818181818182
cadets12,real,rarity_only,0.02,138261,2765,0.9800015911934674,0,31,0.0,,0.5909090909090909
cadets12,real,diffusion_only,0.02,138261,2765,0.9800015911934674,1,31,0.03225806451612903,,0.8181818181818182
cadets12,real,rasp,0.02,138261,2765,0.9800015911934674,1,31,0.03225806451612903,,0.8863636363636364
cadets12,real,contextual,0.02,138261,2765,0.9800015911934674,1,31,0.03225806451612903,,0.8181818181818182
cadets12,real,chain_only,0.02,138261,2765,0.9800015911934674,1,31,0.03225806451612903,,0.8863636363636364
cadets12,real,adaptive,0.02,138261,2765,0.9800015911934674,1,31,0.03225806451612903,,0.8181818181818182
cadets12,real,rarity_only,0.05,138261,6913,0.950000361634879,4,31,0.12903225806451613,,0.9545454545454546
cadets12,real,diffusion_only,0.05,138261,6913,0.950000361634879,1,31,0.03225806451612903,,0.8181818181818182
cadets12,real,rasp,0.05,138261,6913,0.950000361634879,1,31,0.03225806451612903,,0.8863636363636364
cadets12,real,contextual,0.05,138261,6913,0.950000361634879,1,31,0.03225806451612903,,0.8181818181818182
cadets12,real,chain_only,0.05,138261,6913,0.950000361634879,1,31,0.03225806451612903,,0.8863636363636364
cadets12,real,adaptive,0.05,138261,6913,0.950000361634879,1,31,0.03225806451612903,,0.8181818181818182
cadets12,real,rarity_only,0.1,138261,13826,0.9000007232697579,4,31,0.12903225806451613,,0.9545454545454546
cadets12,real,diffusion_only,0.1,138261,13826,0.9000007232697579,1,31,0.03225806451612903,,0.8181818181818182
cadets12,real,rasp,0.1,138261,13826,0.9000007232697579,1,31,0.03225806451612903,,0.8863636363636364
cadets12,real,contextual,0.1,138261,13826,0.9000007232697579,1,31,0.03225806451612903,,0.8863636363636364
cadets12,real,chain_only,0.1,138261,13826,0.9000007232697579,1,31,0.03225806451612903,,0.8863636363636364
cadets12,real,adaptive,0.1,138261,13826,0.9000007232697579,1,31,0.03225806451612903,,0.8863636363636364
cadets12,real,rarity_only,0.15,138261,20739,0.8500010849046369,4,31,0.12903225806451613,,0.9545454545454546
cadets12,real,diffusion_only,0.15,138261,20739,0.8500010849046369,4,31,0.12903225806451613,,0.9545454545454546
cadets12,real,rasp,0.15,138261,20739,0.8500010849046369,4,31,0.12903225806451613,,0.9545454545454546
cadets12,real,contextual,0.15,138261,20739,0.8500010849046369,4,31,0.12903225806451613,,0.9545454545454546
cadets12,real,chain_only,0.15,138261,20739,0.8500010849046369,4,31,0.12903225806451613,,0.9545454545454546
cadets12,real,adaptive,0.15,138261,20739,0.8500010849046369,4,31,0.12903225806451613,,0.9545454545454546
cadets12,real,rarity_only,0.2,138261,27652,0.8000014465395159,4,31,0.12903225806451613,,0.9545454545454546
cadets12,real,diffusion_only,0.2,138261,27652,0.8000014465395159,4,31,0.12903225806451613,,0.9545454545454546
cadets12,real,rasp,0.2,138261,27652,0.8000014465395159,4,31,0.12903225806451613,,0.9545454545454546
cadets12,real,contextual,0.2,138261,27652,0.8000014465395159,4,31,0.12903225806451613,,0.9545454545454546
cadets12,real,chain_only,0.2,138261,27652,0.8000014465395159,4,31,0.12903225806451613,,0.9545454545454546
cadets12,real,adaptive,0.2,138261,27652,0.8000014465395159,4,31,0.12903225806451613,,0.9545454545454546
cadets12,real,rarity_only,0.3,138261,41478,0.7000021698092738,4,31,0.12903225806451613,,0.9545454545454546
cadets12,real,diffusion_only,0.3,138261,41478,0.7000021698092738,4,31,0.12903225806451613,,0.9545454545454546
cadets12,real,rasp,0.3,138261,41478,0.7000021698092738,4,31,0.12903225806451613,,0.9545454545454546
cadets12,real,contextual,0.3,138261,41478,0.7000021698092738,4,31,0.12903225806451613,,0.9545454545454546
cadets12,real,chain_only,0.3,138261,41478,0.7000021698092738,4,31,0.12903225806451613,,0.9545454545454546
cadets12,real,adaptive,0.3,138261,41478,0.7000021698092738,4,31,0.12903225806451613,,0.9545454545454546
cadets12,real,rarity_only,0.5,138261,69130,0.5000036163487895,4,31,0.12903225806451613,,0.9545454545454546
cadets12,real,diffusion_only,0.5,138261,69130,0.5000036163487895,4,31,0.12903225806451613,,0.9545454545454546
cadets12,real,rasp,0.5,138261,69130,0.5000036163487895,4,31,0.12903225806451613,,0.9545454545454546
cadets12,real,contextual,0.5,138261,69130,0.5000036163487895,4,31,0.12903225806451613,,0.9545454545454546
cadets12,real,chain_only,0.5,138261,69130,0.5000036163487895,4,31,0.12903225806451613,,0.9545454545454546
cadets12,real,adaptive,0.5,138261,69130,0.5000036163487895,4,31,0.12903225806451613,,0.9545454545454546
cadets12,real,rarity_only,1.0,138261,125130,0.09497255191268683,4,31,0.12903225806451613,,0.9545454545454546
cadets12,real,diffusion_only,1.0,138261,125130,0.09497255191268683,4,31,0.12903225806451613,,0.9545454545454546
cadets12,real,rasp,1.0,138261,125130,0.09497255191268683,4,31,0.12903225806451613,,0.9545454545454546
cadets12,real,contextual,1.0,138261,125130,0.09497255191268683,4,31,0.12903225806451613,,0.9545454545454546
cadets12,real,chain_only,1.0,138261,125130,0.09497255191268683,4,31,0.12903225806451613,,0.9545454545454546
cadets12,real,adaptive,1.0,138261,125130,0.09497255191268683,4,31,0.12903225806451613,,0.9545454545454546
cadets13,real,rarity_only,0.01,35967,359,0.9900186281869492,0,75,0.0,,0.01694915254237288
cadets13,real,diffusion_only,0.01,35967,359,0.9900186281869492,0,75,0.0,,0.652542372881356
cadets13,real,rasp,0.01,35967,359,0.9900186281869492,0,75,0.0,,0.652542372881356
cadets13,real,contextual,0.01,35967,359,0.9900186281869492,0,75,0.0,,0.6610169491525424
cadets13,real,chain_only,0.01,35967,359,0.9900186281869492,0,75,0.0,,0.6610169491525424
cadets13,real,adaptive,0.01,35967,359,0.9900186281869492,0,75,0.0,,0.6694915254237288
cadets13,real,rarity_only,0.02,35967,719,0.980009453109795,0,75,0.0,,0.4661016949152542
cadets13,real,diffusion_only,0.02,35967,719,0.980009453109795,0,75,0.0,,0.6694915254237288
cadets13,real,rasp,0.02,35967,719,0.980009453109795,0,75,0.0,,0.6694915254237288
cadets13,real,contextual,0.02,35967,719,0.980009453109795,0,75,0.0,,0.6694915254237288
cadets13,real,chain_only,0.02,35967,719,0.980009453109795,0,75,0.0,,0.6694915254237288
cadets13,real,adaptive,0.02,35967,719,0.980009453109795,0,75,0.0,,0.6694915254237288
cadets13,real,rarity_only,0.05,35967,1798,0.9500097311424361,0,75,0.0,,0.6610169491525424
cadets13,real,diffusion_only,0.05,35967,1798,0.9500097311424361,0,75,0.0,,0.6694915254237288
cadets13,real,rasp,0.05,35967,1798,0.9500097311424361,0,75,0.0,,0.6694915254237288
cadets13,real,contextual,0.05,35967,1798,0.9500097311424361,0,75,0.0,,0.6694915254237288
cadets13,real,chain_only,0.05,35967,1798,0.9500097311424361,0,75,0.0,,0.6694915254237288
cadets13,real,adaptive,0.05,35967,1798,0.9500097311424361,0,75,0.0,,0.6694915254237288
cadets13,real,rarity_only,0.1,35967,3596,0.9000194622848723,0,75,0.0,,0.6694915254237288
cadets13,real,diffusion_only,0.1,35967,3596,0.9000194622848723,0,75,0.0,,0.6694915254237288
cadets13,real,rasp,0.1,35967,3596,0.9000194622848723,0,75,0.0,,0.6694915254237288
cadets13,real,contextual,0.1,35967,3596,0.9000194622848723,0,75,0.0,,0.6694915254237288
cadets13,real,chain_only,0.1,35967,3596,0.9000194622848723,0,75,0.0,,0.6694915254237288
cadets13,real,adaptive,0.1,35967,3596,0.9000194622848723,0,75,0.0,,0.6694915254237288
cadets13,real,rarity_only,0.15,35967,5395,0.8500013901632052,0,75,0.0,,0.6694915254237288
cadets13,real,diffusion_only,0.15,35967,5395,0.8500013901632052,0,75,0.0,,0.6694915254237288
cadets13,real,rasp,0.15,35967,5395,0.8500013901632052,0,75,0.0,,0.6694915254237288
cadets13,real,contextual,0.15,35967,5395,0.8500013901632052,0,75,0.0,,0.6694915254237288
cadets13,real,chain_only,0.15,35967,5395,0.8500013901632052,0,75,0.0,,0.6694915254237288
cadets13,real,adaptive,0.15,35967,5395,0.8500013901632052,0,75,0.0,,0.6694915254237288
cadets13,real,rarity_only,0.2,35967,7193,0.8000111213056413,0,75,0.0,,0.6694915254237288
cadets13,real,diffusion_only,0.2,35967,7193,0.8000111213056413,0,75,0.0,,0.6694915254237288
cadets13,real,rasp,0.2,35967,7193,0.8000111213056413,0,75,0.0,,0.6694915254237288
cadets13,real,contextual,0.2,35967,7193,0.8000111213056413,0,75,0.0,,0.6694915254237288
cadets13,real,chain_only,0.2,35967,7193,0.8000111213056413,0,75,0.0,,0.6694915254237288
cadets13,real,adaptive,0.2,35967,7193,0.8000111213056413,0,75,0.0,,0.6694915254237288
cadets13,real,rarity_only,0.3,35967,10790,0.7000027803264104,0,75,0.0,,0.6694915254237288
cadets13,real,diffusion_only,0.3,35967,10790,0.7000027803264104,0,75,0.0,,0.6694915254237288
cadets13,real,rasp,0.3,35967,10790,0.7000027803264104,0,75,0.0,,0.6694915254237288
cadets13,real,contextual,0.3,35967,10790,0.7000027803264104,0,75,0.0,,0.6694915254237288
cadets13,real,chain_only,0.3,35967,10790,0.7000027803264104,0,75,0.0,,0.6694915254237288
cadets13,real,adaptive,0.3,35967,10790,0.7000027803264104,0,75,0.0,,0.6694915254237288
cadets13,real,rarity_only,0.5,35967,17983,0.5000139016320516,0,75,0.0,,0.6694915254237288
cadets13,real,diffusion_only,0.5,35967,17983,0.5000139016320516,0,75,0.0,,0.6694915254237288
cadets13,real,rasp,0.5,35967,17983,0.5000139016320516,0,75,0.0,,0.6694915254237288
cadets13,real,contextual,0.5,35967,17983,0.5000139016320516,0,75,0.0,,0.6694915254237288
cadets13,real,chain_only,0.5,35967,17983,0.5000139016320516,0,75,0.0,,0.6694915254237288
cadets13,real,adaptive,0.5,35967,17983,0.5000139016320516,0,75,0.0,,0.6694915254237288
cadets13,real,rarity_only,1.0,35967,31095,0.13545750271081825,0,75,0.0,,0.6694915254237288
cadets13,real,diffusion_only,1.0,35967,31095,0.13545750271081825,0,75,0.0,,0.6694915254237288
cadets13,real,rasp,1.0,35967,31095,0.13545750271081825,0,75,0.0,,0.6694915254237288
cadets13,real,contextual,1.0,35967,31095,0.13545750271081825,0,75,0.0,,0.6694915254237288
cadets13,real,chain_only,1.0,35967,31095,0.13545750271081825,0,75,0.0,,0.6694915254237288
cadets13,real,adaptive,1.0,35967,31095,0.13545750271081825,0,75,0.0,,0.6694915254237288
synthetic101,synthetic,rarity_only,0.01,1042,10,0.9904030710172744,0,6,0.0,,0.14285714285714285
synthetic101,synthetic,diffusion_only,0.01,1042,10,0.9904030710172744,0,6,0.0,,0.14285714285714285
synthetic101,synthetic,rasp,0.01,1042,10,0.9904030710172744,0,6,0.0,,0.14285714285714285
synthetic101,synthetic,contextual,0.01,1042,10,0.9904030710172744,0,6,0.0,,0.23809523809523808
synthetic101,synthetic,chain_only,0.01,1042,10,0.9904030710172744,0,6,0.0,,0.19047619047619047
synthetic101,synthetic,adaptive,0.01,1042,10,0.9904030710172744,0,6,0.0,,0.21428571428571427
synthetic101,synthetic,rarity_only,0.02,1042,20,0.980806142034549,0,6,0.0,,0.21428571428571427
synthetic101,synthetic,diffusion_only,0.02,1042,20,0.980806142034549,0,6,0.0,,0.14285714285714285
synthetic101,synthetic,rasp,0.02,1042,20,0.980806142034549,0,6,0.0,,0.14285714285714285
synthetic101,synthetic,contextual,0.02,1042,20,0.980806142034549,0,6,0.0,,0.47619047619047616
synthetic101,synthetic,chain_only,0.02,1042,20,0.980806142034549,0,6,0.0,,0.3333333333333333
synthetic101,synthetic,adaptive,0.02,1042,20,0.980806142034549,0,6,0.0,,0.4523809523809524
synthetic101,synthetic,rarity_only,0.05,1042,52,0.9500959692898272,0,6,0.0,,0.40476190476190477
synthetic101,synthetic,diffusion_only,0.05,1042,52,0.9500959692898272,0,6,0.0,,0.14285714285714285
synthetic101,synthetic,rasp,0.05,1042,52,0.9500959692898272,0,6,0.0,,0.14285714285714285
synthetic101,synthetic,contextual,0.05,1042,52,0.9500959692898272,0,6,0.0,,0.5476190476190477
synthetic101,synthetic,chain_only,0.05,1042,52,0.9500959692898272,0,6,0.0,,0.42857142857142855
synthetic101,synthetic,adaptive,0.05,1042,52,0.9500959692898272,5,6,0.8333333333333334,,0.9523809523809523
synthetic101,synthetic,rarity_only,0.1,1042,104,0.9001919385796545,0,6,0.0,,0.4523809523809524
synthetic101,synthetic,diffusion_only,0.1,1042,104,0.9001919385796545,0,6,0.0,,0.14285714285714285
synthetic101,synthetic,rasp,0.1,1042,104,0.9001919385796545,0,6,0.0,,0.14285714285714285
synthetic101,synthetic,contextual,0.1,1042,104,0.9001919385796545,0,6,0.0,,0.5476190476190477
synthetic101,synthetic,chain_only,0.1,1042,104,0.9001919385796545,0,6,0.0,,0.42857142857142855
synthetic101,synthetic,adaptive,0.1,1042,104,0.9001919385796545,5,6,0.8333333333333334,,0.9523809523809523
synthetic101,synthetic,rarity_only,0.15,1042,156,0.8502879078694818,0,6,0.0,,0.47619047619047616
synthetic101,synthetic,diffusion_only,0.15,1042,156,0.8502879078694818,0,6,0.0,,0.14285714285714285
synthetic101,synthetic,rasp,0.15,1042,156,0.8502879078694818,0,6,0.0,,0.14285714285714285
synthetic101,synthetic,contextual,0.15,1042,156,0.8502879078694818,0,6,0.0,,0.5476190476190477
synthetic101,synthetic,chain_only,0.15,1042,156,0.8502879078694818,0,6,0.0,,0.42857142857142855
synthetic101,synthetic,adaptive,0.15,1042,156,0.8502879078694818,5,6,0.8333333333333334,,0.9523809523809523
synthetic101,synthetic,rarity_only,0.2,1042,208,0.800383877159309,0,6,0.0,,0.5
synthetic101,synthetic,diffusion_only,0.2,1042,208,0.800383877159309,0,6,0.0,,0.16666666666666666
synthetic101,synthetic,rasp,0.2,1042,208,0.800383877159309,0,6,0.0,,0.16666666666666666
synthetic101,synthetic,contextual,0.2,1042,208,0.800383877159309,0,6,0.0,,0.6190476190476191
synthetic101,synthetic,chain_only,0.2,1042,208,0.800383877159309,0,6,0.0,,0.42857142857142855
synthetic101,synthetic,adaptive,0.2,1042,208,0.800383877159309,5,6,0.8333333333333334,,0.9523809523809523
synthetic101,synthetic,rarity_only,0.3,1042,312,0.7005758157389635,0,6,0.0,,0.5714285714285714
synthetic101,synthetic,diffusion_only,0.3,1042,312,0.7005758157389635,0,6,0.0,,0.23809523809523808
synthetic101,synthetic,rasp,0.3,1042,312,0.7005758157389635,0,6,0.0,,0.23809523809523808
synthetic101,synthetic,contextual,0.3,1042,312,0.7005758157389635,0,6,0.0,,0.6428571428571429
synthetic101,synthetic,chain_only,0.3,1042,312,0.7005758157389635,0,6,0.0,,0.42857142857142855
synthetic101,synthetic,adaptive,0.3,1042,312,0.7005758157389635,5,6,0.8333333333333334,,0.9523809523809523
synthetic101,synthetic,rarity_only,0.5,1042,521,0.5,0,6,0.0,,0.5714285714285714
synthetic101,synthetic,diffusion_only,0.5,1042,521,0.5,1,6,0.16666666666666666,,0.8333333333333334
synthetic101,synthetic,rasp,0.5,1042,521,0.5,0,6,0.0,,0.7619047619047619
synthetic101,synthetic,contextual,0.5,1042,521,0.5,6,6,1.0,,1.0
synthetic101,synthetic,chain_only,0.5,1042,521,0.5,0,6,0.0,,0.8571428571428571
synthetic101,synthetic,adaptive,0.5,1042,521,0.5,6,6,1.0,,1.0
synthetic101,synthetic,rarity_only,1.0,1042,823,0.210172744721689,6,6,1.0,,1.0
synthetic101,synthetic,diffusion_only,1.0,1042,823,0.210172744721689,6,6,1.0,,1.0
synthetic101,synthetic,rasp,1.0,1042,823,0.210172744721689,6,6,1.0,,1.0
synthetic101,synthetic,contextual,1.0,1042,823,0.210172744721689,6,6,1.0,,1.0
synthetic101,synthetic,chain_only,1.0,1042,823,0.210172744721689,6,6,1.0,,1.0
synthetic101,synthetic,adaptive,1.0,1042,823,0.210172744721689,6,6,1.0,,1.0
synthetic202,synthetic,rarity_only,0.01,1042,10,0.9904030710172744,0,6,0.0,,0.19047619047619047
synthetic202,synthetic,diffusion_only,0.01,1042,10,0.9904030710172744,0,6,0.0,,0.16666666666666666
synthetic202,synthetic,rasp,0.01,1042,10,0.9904030710172744,0,6,0.0,,0.14285714285714285
synthetic202,synthetic,contextual,0.01,1042,10,0.9904030710172744,0,6,0.0,,0.23809523809523808
synthetic202,synthetic,chain_only,0.01,1042,10,0.9904030710172744,0,6,0.0,,0.19047619047619047
synthetic202,synthetic,adaptive,0.01,1042,10,0.9904030710172744,0,6,0.0,,0.23809523809523808
synthetic202,synthetic,rarity_only,0.02,1042,20,0.980806142034549,0,6,0.0,,0.23809523809523808
synthetic202,synthetic,diffusion_only,0.02,1042,20,0.980806142034549,0,6,0.0,,0.16666666666666666
synthetic202,synthetic,rasp,0.02,1042,20,0.980806142034549,0,6,0.0,,0.14285714285714285
synthetic202,synthetic,contextual,0.02,1042,20,0.980806142034549,0,6,0.0,,0.47619047619047616
synthetic202,synthetic,chain_only,0.02,1042,20,0.980806142034549,0,6,0.0,,0.3333333333333333
synthetic202,synthetic,adaptive,0.02,1042,20,0.980806142034549,0,6,0.0,,0.42857142857142855
synthetic202,synthetic,rarity_only,0.05,1042,52,0.9500959692898272,0,6,0.0,,0.38095238095238093
synthetic202,synthetic,diffusion_only,0.05,1042,52,0.9500959692898272,0,6,0.0,,0.16666666666666666
synthetic202,synthetic,rasp,0.05,1042,52,0.9500959692898272,0,6,0.0,,0.14285714285714285
synthetic202,synthetic,contextual,0.05,1042,52,0.9500959692898272,0,6,0.0,,0.5714285714285714
synthetic202,synthetic,chain_only,0.05,1042,52,0.9500959692898272,0,6,0.0,,0.42857142857142855
synthetic202,synthetic,adaptive,0.05,1042,52,0.9500959692898272,4,6,0.6666666666666666,,0.9047619047619048
synthetic202,synthetic,rarity_only,0.1,1042,104,0.9001919385796545,0,6,0.0,,0.47619047619047616
synthetic202,synthetic,diffusion_only,0.1,1042,104,0.9001919385796545,0,6,0.0,,0.16666666666666666
synthetic202,synthetic,rasp,0.1,1042,104,0.9001919385796545,0,6,0.0,,0.16666666666666666
synthetic202,synthetic,contextual,0.1,1042,104,0.9001919385796545,0,6,0.0,,0.5952380952380952
synthetic202,synthetic,chain_only,0.1,1042,104,0.9001919385796545,0,6,0.0,,0.42857142857142855
synthetic202,synthetic,adaptive,0.1,1042,104,0.9001919385796545,4,6,0.6666666666666666,,0.9047619047619048
synthetic202,synthetic,rarity_only,0.15,1042,156,0.8502879078694818,0,6,0.0,,0.47619047619047616
synthetic202,synthetic,diffusion_only,0.15,1042,156,0.8502879078694818,0,6,0.0,,0.19047619047619047
synthetic202,synthetic,rasp,0.15,1042,156,0.8502879078694818,0,6,0.0,,0.16666666666666666
synthetic202,synthetic,contextual,0.15,1042,156,0.8502879078694818,0,6,0.0,,0.5952380952380952
synthetic202,synthetic,chain_only,0.15,1042,156,0.8502879078694818,0,6,0.0,,0.42857142857142855
synthetic202,synthetic,adaptive,0.15,1042,156,0.8502879078694818,4,6,0.6666666666666666,,0.9047619047619048
synthetic202,synthetic,rarity_only,0.2,1042,208,0.800383877159309,0,6,0.0,,0.47619047619047616
synthetic202,synthetic,diffusion_only,0.2,1042,208,0.800383877159309,0,6,0.0,,0.23809523809523808
synthetic202,synthetic,rasp,0.2,1042,208,0.800383877159309,0,6,0.0,,0.21428571428571427
synthetic202,synthetic,contextual,0.2,1042,208,0.800383877159309,0,6,0.0,,0.5952380952380952
synthetic202,synthetic,chain_only,0.2,1042,208,0.800383877159309,0,6,0.0,,0.42857142857142855
synthetic202,synthetic,adaptive,0.2,1042,208,0.800383877159309,4,6,0.6666666666666666,,0.9047619047619048
synthetic202,synthetic,rarity_only,0.3,1042,312,0.7005758157389635,0,6,0.0,,0.47619047619047616
synthetic202,synthetic,diffusion_only,0.3,1042,312,0.7005758157389635,0,6,0.0,,0.3333333333333333
synthetic202,synthetic,rasp,0.3,1042,312,0.7005758157389635,0,6,0.0,,0.2619047619047619
synthetic202,synthetic,contextual,0.3,1042,312,0.7005758157389635,0,6,0.0,,0.5952380952380952
synthetic202,synthetic,chain_only,0.3,1042,312,0.7005758157389635,0,6,0.0,,0.42857142857142855
synthetic202,synthetic,adaptive,0.3,1042,312,0.7005758157389635,4,6,0.6666666666666666,,0.9047619047619048
synthetic202,synthetic,rarity_only,0.5,1042,521,0.5,0,6,0.0,,0.5476190476190477
synthetic202,synthetic,diffusion_only,0.5,1042,521,0.5,1,6,0.16666666666666666,,0.8095238095238095
synthetic202,synthetic,rasp,0.5,1042,521,0.5,0,6,0.0,,0.7857142857142857
synthetic202,synthetic,contextual,0.5,1042,521,0.5,4,6,0.6666666666666666,,0.9523809523809523
synthetic202,synthetic,chain_only,0.5,1042,521,0.5,0,6,0.0,,0.8571428571428571
synthetic202,synthetic,adaptive,0.5,1042,521,0.5,6,6,1.0,,1.0
synthetic202,synthetic,rarity_only,1.0,1042,799,0.23320537428023036,6,6,1.0,,1.0
synthetic202,synthetic,diffusion_only,1.0,1042,799,0.23320537428023036,6,6,1.0,,1.0
synthetic202,synthetic,rasp,1.0,1042,799,0.23320537428023036,6,6,1.0,,1.0
synthetic202,synthetic,contextual,1.0,1042,799,0.23320537428023036,6,6,1.0,,1.0
synthetic202,synthetic,chain_only,1.0,1042,799,0.23320537428023036,6,6,1.0,,1.0
synthetic202,synthetic,adaptive,1.0,1042,799,0.23320537428023036,6,6,1.0,,1.0
synthetic303,synthetic,rarity_only,0.01,1042,10,0.9904030710172744,0,6,0.0,,0.16666666666666666
synthetic303,synthetic,diffusion_only,0.01,1042,10,0.9904030710172744,0,6,0.0,,0.16666666666666666
synthetic303,synthetic,rasp,0.01,1042,10,0.9904030710172744,0,6,0.0,,0.14285714285714285
synthetic303,synthetic,contextual,0.01,1042,10,0.9904030710172744,0,6,0.0,,0.23809523809523808
synthetic303,synthetic,chain_only,0.01,1042,10,0.9904030710172744,0,6,0.0,,0.19047619047619047
synthetic303,synthetic,adaptive,0.01,1042,10,0.9904030710172744,0,6,0.0,,0.23809523809523808
synthetic303,synthetic,rarity_only,0.02,1042,20,0.980806142034549,0,6,0.0,,0.2619047619047619
synthetic303,synthetic,diffusion_only,0.02,1042,20,0.980806142034549,0,6,0.0,,0.16666666666666666
synthetic303,synthetic,rasp,0.02,1042,20,0.980806142034549,0,6,0.0,,0.14285714285714285
synthetic303,synthetic,contextual,0.02,1042,20,0.980806142034549,0,6,0.0,,0.47619047619047616
synthetic303,synthetic,chain_only,0.02,1042,20,0.980806142034549,0,6,0.0,,0.3333333333333333
synthetic303,synthetic,adaptive,0.02,1042,20,0.980806142034549,0,6,0.0,,0.42857142857142855
synthetic303,synthetic,rarity_only,0.05,1042,52,0.9500959692898272,0,6,0.0,,0.38095238095238093
synthetic303,synthetic,diffusion_only,0.05,1042,52,0.9500959692898272,0,6,0.0,,0.16666666666666666
synthetic303,synthetic,rasp,0.05,1042,52,0.9500959692898272,0,6,0.0,,0.16666666666666666
synthetic303,synthetic,contextual,0.05,1042,52,0.9500959692898272,0,6,0.0,,0.5714285714285714
synthetic303,synthetic,chain_only,0.05,1042,52,0.9500959692898272,0,6,0.0,,0.42857142857142855
synthetic303,synthetic,adaptive,0.05,1042,52,0.9500959692898272,4,6,0.6666666666666666,,0.9047619047619048
synthetic303,synthetic,rarity_only,0.1,1042,104,0.9001919385796545,0,6,0.0,,0.4523809523809524
synthetic303,synthetic,diffusion_only,0.1,1042,104,0.9001919385796545,0,6,0.0,,0.21428571428571427
synthetic303,synthetic,rasp,0.1,1042,104,0.9001919385796545,0,6,0.0,,0.21428571428571427
synthetic303,synthetic,contextual,0.1,1042,104,0.9001919385796545,0,6,0.0,,0.6190476190476191
synthetic303,synthetic,chain_only,0.1,1042,104,0.9001919385796545,0,6,0.0,,0.42857142857142855
synthetic303,synthetic,adaptive,0.1,1042,104,0.9001919385796545,4,6,0.6666666666666666,,0.9047619047619048
synthetic303,synthetic,rarity_only,0.15,1042,156,0.8502879078694818,0,6,0.0,,0.47619047619047616
synthetic303,synthetic,diffusion_only,0.15,1042,156,0.8502879078694818,0,6,0.0,,0.23809523809523808
synthetic303,synthetic,rasp,0.15,1042,156,0.8502879078694818,0,6,0.0,,0.23809523809523808
synthetic303,synthetic,contextual,0.15,1042,156,0.8502879078694818,0,6,0.0,,0.6190476190476191
synthetic303,synthetic,chain_only,0.15,1042,156,0.8502879078694818,0,6,0.0,,0.42857142857142855
synthetic303,synthetic,adaptive,0.15,1042,156,0.8502879078694818,4,6,0.6666666666666666,,0.9047619047619048
synthetic303,synthetic,rarity_only,0.2,1042,208,0.800383877159309,0,6,0.0,,0.5
synthetic303,synthetic,diffusion_only,0.2,1042,208,0.800383877159309,0,6,0.0,,0.2857142857142857
synthetic303,synthetic,rasp,0.2,1042,208,0.800383877159309,0,6,0.0,,0.2619047619047619
synthetic303,synthetic,contextual,0.2,1042,208,0.800383877159309,0,6,0.0,,0.6428571428571429
synthetic303,synthetic,chain_only,0.2,1042,208,0.800383877159309,0,6,0.0,,0.42857142857142855
synthetic303,synthetic,adaptive,0.2,1042,208,0.800383877159309,4,6,0.6666666666666666,,0.9047619047619048
synthetic303,synthetic,rarity_only,0.3,1042,312,0.7005758157389635,0,6,0.0,,0.5238095238095238
synthetic303,synthetic,diffusion_only,0.3,1042,312,0.7005758157389635,0,6,0.0,,0.35714285714285715
synthetic303,synthetic,rasp,0.3,1042,312,0.7005758157389635,0,6,0.0,,0.2619047619047619
synthetic303,synthetic,contextual,0.3,1042,312,0.7005758157389635,0,6,0.0,,0.6428571428571429
synthetic303,synthetic,chain_only,0.3,1042,312,0.7005758157389635,0,6,0.0,,0.42857142857142855
synthetic303,synthetic,adaptive,0.3,1042,312,0.7005758157389635,4,6,0.6666666666666666,,0.9047619047619048
synthetic303,synthetic,rarity_only,0.5,1042,521,0.5,0,6,0.0,,0.5714285714285714
synthetic303,synthetic,diffusion_only,0.5,1042,521,0.5,0,6,0.0,,0.7619047619047619
synthetic303,synthetic,rasp,0.5,1042,521,0.5,0,6,0.0,,0.7619047619047619
synthetic303,synthetic,contextual,0.5,1042,521,0.5,4,6,0.6666666666666666,,0.9523809523809523
synthetic303,synthetic,chain_only,0.5,1042,521,0.5,0,6,0.0,,0.8571428571428571
synthetic303,synthetic,adaptive,0.5,1042,521,0.5,6,6,1.0,,1.0
synthetic303,synthetic,rarity_only,1.0,1042,833,0.20057581573896355,6,6,1.0,,1.0
synthetic303,synthetic,diffusion_only,1.0,1042,833,0.20057581573896355,6,6,1.0,,1.0
synthetic303,synthetic,rasp,1.0,1042,833,0.20057581573896355,6,6,1.0,,1.0
synthetic303,synthetic,contextual,1.0,1042,833,0.20057581573896355,6,6,1.0,,1.0
synthetic303,synthetic,chain_only,1.0,1042,833,0.20057581573896355,6,6,1.0,,1.0
synthetic303,synthetic,adaptive,1.0,1042,833,0.20057581573896355,6,6,1.0,,1.0
