case,method,track,raw_cap,raw_events,load_seconds,after_load_seconds,frozen_candidate_pipeline_seconds,peak_rss_mib,selection_matches_main,ledger_sha256,scope
0,coverage_semantic,poi_only,1024,1024,10.753501750528812,4.545375689864159,15.298877440392971,256.8828125,True,27ac808c4875ff7bc212cd44d0b82e081fc4f0279cf13a9508eab91fadcb7eb2,"fresh process, one run, one thread; frozen-ledger load through selection; excludes raw-CDM import/historical-model construction and evaluation/export"
0,diffusion_top,poi_only,1024,1024,10.898675877600908,0.9846097491681576,11.883285626769066,234.23046875,True,27ac808c4875ff7bc212cd44d0b82e081fc4f0279cf13a9508eab91fadcb7eb2,"fresh process, one run, one thread; frozen-ledger load through selection; excludes raw-CDM import/historical-model construction and evaluation/export"
0,episode,poi_only,1024,1024,10.853329420089722,4.003143884241581,14.856473304331303,250.26953125,True,27ac808c4875ff7bc212cd44d0b82e081fc4f0279cf13a9508eab91fadcb7eb2,"fresh process, one run, one thread; frozen-ledger load through selection; excludes raw-CDM import/historical-model construction and evaluation/export"
0,localdegree_top,poi_only,1024,1024,10.727120526134968,2.063766174018383,12.79088670015335,326.91015625,True,27ac808c4875ff7bc212cd44d0b82e081fc4f0279cf13a9508eab91fadcb7eb2,"fresh process, one run, one thread; frozen-ledger load through selection; excludes raw-CDM import/historical-model construction and evaluation/export"
0,pcst_native,poi_only,1024,1,10.766675390303135,5.336117081344128,16.102792471647263,321.4453125,True,27ac808c4875ff7bc212cd44d0b82e081fc4f0279cf13a9508eab91fadcb7eb2,"fresh process, one run, one thread; frozen-ledger load through selection; excludes raw-CDM import/historical-model construction and evaluation/export"
1,coverage_semantic,poi_only,1024,1024,10.330968495458364,3.8634203262627125,14.194388821721077,226.20703125,True,e4a914988691c66b4ee83b0475c1193a0d1324843c32d0543031fa9c4e25f7dd,"fresh process, one run, one thread; frozen-ledger load through selection; excludes raw-CDM import/historical-model construction and evaluation/export"
1,diffusion_top,poi_only,1024,1024,10.463254444301128,0.9553339518606663,11.418588396161795,214.5703125,True,e4a914988691c66b4ee83b0475c1193a0d1324843c32d0543031fa9c4e25f7dd,"fresh process, one run, one thread; frozen-ledger load through selection; excludes raw-CDM import/historical-model construction and evaluation/export"
1,episode,poi_only,1024,1024,10.60659085214138,3.470186859369278,14.076777711510658,219.33984375,True,e4a914988691c66b4ee83b0475c1193a0d1324843c32d0543031fa9c4e25f7dd,"fresh process, one run, one thread; frozen-ledger load through selection; excludes raw-CDM import/historical-model construction and evaluation/export"
1,localdegree_top,poi_only,1024,1024,10.318657413125038,1.9333145655691624,12.2519719786942,302.42578125,True,e4a914988691c66b4ee83b0475c1193a0d1324843c32d0543031fa9c4e25f7dd,"fresh process, one run, one thread; frozen-ledger load through selection; excludes raw-CDM import/historical-model construction and evaluation/export"
1,pcst_native,poi_only,1024,708,10.339564014226198,4.05376049503684,14.393324509263039,257.125,True,e4a914988691c66b4ee83b0475c1193a0d1324843c32d0543031fa9c4e25f7dd,"fresh process, one run, one thread; frozen-ledger load through selection; excludes raw-CDM import/historical-model construction and evaluation/export"
2,coverage_semantic,poi_only,1024,1024,21.879580415785313,13.023230619728565,34.90281103551388,443.30078125,True,b7924926bc633ef94104179e087bc0dbe0268f610020c194fda664d37927b827,"fresh process, one run, one thread; frozen-ledger load through selection; excludes raw-CDM import/historical-model construction and evaluation/export"
2,diffusion_top,poi_only,1024,1024,21.666889425367117,3.1362069733440876,24.803096398711205,442.34765625,True,b7924926bc633ef94104179e087bc0dbe0268f610020c194fda664d37927b827,"fresh process, one run, one thread; frozen-ledger load through selection; excludes raw-CDM import/historical-model construction and evaluation/export"
2,episode,poi_only,1024,1024,21.77230128273368,12.185992039740086,33.958293322473764,443.07421875,True,b7924926bc633ef94104179e087bc0dbe0268f610020c194fda664d37927b827,"fresh process, one run, one thread; frozen-ledger load through selection; excludes raw-CDM import/historical-model construction and evaluation/export"
2,localdegree_top,poi_only,1024,1024,21.6689049936831,2.5184772573411465,24.187382251024246,480.27734375,True,b7924926bc633ef94104179e087bc0dbe0268f610020c194fda664d37927b827,"fresh process, one run, one thread; frozen-ledger load through selection; excludes raw-CDM import/historical-model construction and evaluation/export"
2,pcst_native,poi_only,1024,940,21.673728927969933,6.828149814158678,28.50187874212861,447.59375,True,b7924926bc633ef94104179e087bc0dbe0268f610020c194fda664d37927b827,"fresh process, one run, one thread; frozen-ledger load through selection; excludes raw-CDM import/historical-model construction and evaluation/export"
3,coverage_semantic,poi_only,1024,1024,26.56428435444832,14.068621650338173,40.63290600478649,533.56640625,True,95884055355027cbd379470467f28b1d36f851af1a9ce8da8adf7f94dd70ec5b,"fresh process, one run, one thread; frozen-ledger load through selection; excludes raw-CDM import/historical-model construction and evaluation/export"
3,diffusion_top,poi_only,1024,1024,26.83410120755434,2.7959425151348114,29.63004372268915,497.26953125,True,95884055355027cbd379470467f28b1d36f851af1a9ce8da8adf7f94dd70ec5b,"fresh process, one run, one thread; frozen-ledger load through selection; excludes raw-CDM import/historical-model construction and evaluation/export"
3,episode,poi_only,1024,1024,27.194282338023186,13.461869530379772,40.65615186840296,515.4140625,True,95884055355027cbd379470467f28b1d36f851af1a9ce8da8adf7f94dd70ec5b,"fresh process, one run, one thread; frozen-ledger load through selection; excludes raw-CDM import/historical-model construction and evaluation/export"
3,localdegree_top,poi_only,1024,1024,27.686146922409534,3.001717809587717,30.68786473199725,570.15625,True,95884055355027cbd379470467f28b1d36f851af1a9ce8da8adf7f94dd70ec5b,"fresh process, one run, one thread; frozen-ledger load through selection; excludes raw-CDM import/historical-model construction and evaluation/export"
3,pcst_native,poi_only,1024,3,26.939641006290913,8.905813362449408,35.84545436874032,563.2890625,True,95884055355027cbd379470467f28b1d36f851af1a9ce8da8adf7f94dd70ec5b,"fresh process, one run, one thread; frozen-ledger load through selection; excludes raw-CDM import/historical-model construction and evaluation/export"
4,coverage_semantic,poi_only,1024,1024,3.363694503903389,2.528207004070282,5.891901507973671,142.81640625,True,cb16eaf3d9c098f5528b334a7d7dc94cfe60faf8cc5a8d59d13b1cb1eeef48a8,"fresh process, one run, one thread; frozen-ledger load through selection; excludes raw-CDM import/historical-model construction and evaluation/export"
4,diffusion_top,poi_only,1024,1024,3.3383827693760395,1.0741210356354713,4.412503805011511,143.90234375,True,cb16eaf3d9c098f5528b334a7d7dc94cfe60faf8cc5a8d59d13b1cb1eeef48a8,"fresh process, one run, one thread; frozen-ledger load through selection; excludes raw-CDM import/historical-model construction and evaluation/export"
4,episode,poi_only,1024,1024,3.373543694615364,2.031853172928095,5.405396867543459,144.57421875,True,cb16eaf3d9c098f5528b334a7d7dc94cfe60faf8cc5a8d59d13b1cb1eeef48a8,"fresh process, one run, one thread; frozen-ledger load through selection; excludes raw-CDM import/historical-model construction and evaluation/export"
4,localdegree_top,poi_only,1024,1024,3.384940419346094,2.288074679672718,5.673015099018812,250.86328125,True,cb16eaf3d9c098f5528b334a7d7dc94cfe60faf8cc5a8d59d13b1cb1eeef48a8,"fresh process, one run, one thread; frozen-ledger load through selection; excludes raw-CDM import/historical-model construction and evaluation/export"
4,pcst_native,poi_only,1024,925,3.3427687361836433,3.465344153344631,6.8081128895282745,180.3125,True,cb16eaf3d9c098f5528b334a7d7dc94cfe60faf8cc5a8d59d13b1cb1eeef48a8,"fresh process, one run, one thread; frozen-ledger load through selection; excludes raw-CDM import/historical-model construction and evaluation/export"
