case,method,raw_cap,raw_events,episodes,selection_seconds,proxy_tp,proxy_fp,proxy_fn,proxy_tn,proxy_precision,proxy_recall,proxy_f1,proxy_fpr,proxy_fnr,groups_hit,groups_total,stages_hit,stages_total,selected_uncertain
Five Dir Case 1,classic,64,64,38,0.18297941982746124,18,46,20,466173,0.28125,0.47368421052631576,0.35294117647058826,9.866607753008778e-05,0.5263157894736842,2,9,1,3,0
Five Dir Case 1,classic,256,256,94,0.18339067324995995,18,238,20,465981,0.0703125,0.47368421052631576,0.12244897959183673,0.0005104897054817586,0.5263157894736842,2,9,1,3,0
Five Dir Case 1,classic,1024,1024,747,0.19131804630160332,18,1006,20,465213,0.017578125,0.47368421052631576,0.03389830508474576,0.002157784217288442,0.5263157894736842,2,9,1,3,0
Five Dir Case 1,classic,4096,4096,1613,0.1894117370247841,18,4078,20,462141,0.00439453125,0.47368421052631576,0.008708272859216255,0.008746962264515174,0.5263157894736842,2,9,1,3,0
Five Dir Case 1,full,64,64,29,0.1798878200352192,18,46,20,466173,0.28125,0.47368421052631576,0.35294117647058826,9.866607753008778e-05,0.5263157894736842,2,9,1,3,0
Five Dir Case 1,full,256,256,81,0.17867997288703918,18,238,20,465981,0.0703125,0.47368421052631576,0.12244897959183673,0.0005104897054817586,0.5263157894736842,2,9,1,3,0
Five Dir Case 1,full,1024,1024,743,0.18404027819633484,18,1006,20,465213,0.017578125,0.47368421052631576,0.03389830508474576,0.002157784217288442,0.5263157894736842,2,9,1,3,0
Five Dir Case 1,full,4096,4096,1662,0.1906045749783516,18,4078,20,462141,0.00439453125,0.47368421052631576,0.008708272859216255,0.008746962264515174,0.5263157894736842,2,9,1,3,0
Five Dir Case 1,no_semantic_frequency,64,64,43,0.18734939768910408,18,46,20,466173,0.28125,0.47368421052631576,0.35294117647058826,9.866607753008778e-05,0.5263157894736842,2,9,1,3,0
Five Dir Case 1,no_semantic_frequency,256,256,93,0.18916723504662514,18,238,20,465981,0.0703125,0.47368421052631576,0.12244897959183673,0.0005104897054817586,0.5263157894736842,2,9,1,3,0
Five Dir Case 1,no_semantic_frequency,1024,1024,740,0.1941676065325737,18,1006,20,465213,0.017578125,0.47368421052631576,0.03389830508474576,0.002157784217288442,0.5263157894736842,2,9,1,3,0
Five Dir Case 1,no_semantic_frequency,4096,4096,1605,0.19823367521166801,19,4077,19,462142,0.004638671875,0.5,0.009192065795839382,0.00874481734978626,0.5,3,9,2,3,0
Five Dir Case 1,no_relation_balance,64,64,31,0.20483262464404106,18,46,20,466173,0.28125,0.47368421052631576,0.35294117647058826,9.866607753008778e-05,0.5263157894736842,2,9,1,3,0
Five Dir Case 1,no_relation_balance,256,256,98,0.20562923699617386,18,238,20,465981,0.0703125,0.47368421052631576,0.12244897959183673,0.0005104897054817586,0.5263157894736842,2,9,1,3,0
Five Dir Case 1,no_relation_balance,1024,1024,744,0.18225979804992676,18,1006,20,465213,0.017578125,0.47368421052631576,0.03389830508474576,0.002157784217288442,0.5263157894736842,2,9,1,3,0
Five Dir Case 1,no_relation_balance,4096,4096,1564,0.1877451315522194,18,4078,20,462141,0.00439453125,0.47368421052631576,0.008708272859216255,0.008746962264515174,0.5263157894736842,2,9,1,3,0
Five Dir Case 1,geometric_only,64,64,29,0.18258053809404373,18,46,20,466173,0.28125,0.47368421052631576,0.35294117647058826,9.866607753008778e-05,0.5263157894736842,2,9,1,3,0
Five Dir Case 1,geometric_only,256,256,77,0.18617819249629974,18,238,20,465981,0.0703125,0.47368421052631576,0.12244897959183673,0.0005104897054817586,0.5263157894736842,2,9,1,3,0
Five Dir Case 1,geometric_only,1024,1024,744,0.18929436430335045,18,1006,20,465213,0.017578125,0.47368421052631576,0.03389830508474576,0.002157784217288442,0.5263157894736842,2,9,1,3,0
Five Dir Case 1,geometric_only,4096,4096,1653,0.1966625265777111,18,4078,20,462141,0.00439453125,0.47368421052631576,0.008708272859216255,0.008746962264515174,0.5263157894736842,2,9,1,3,0
Five Dir Case 1,no_frequency,64,64,13,0.18274488672614098,18,46,20,466173,0.28125,0.47368421052631576,0.35294117647058826,9.866607753008778e-05,0.5263157894736842,2,9,1,3,0
Five Dir Case 1,no_frequency,256,256,43,0.18203680962324142,18,238,20,465981,0.0703125,0.47368421052631576,0.12244897959183673,0.0005104897054817586,0.5263157894736842,2,9,1,3,0
Five Dir Case 1,no_frequency,1024,1024,754,0.1874297596514225,18,1006,20,465213,0.017578125,0.47368421052631576,0.03389830508474576,0.002157784217288442,0.5263157894736842,2,9,1,3,0
Five Dir Case 1,no_frequency,4096,4096,1532,0.18951962888240814,18,4078,20,462141,0.00439453125,0.47368421052631576,0.008708272859216255,0.008746962264515174,0.5263157894736842,2,9,1,3,0
Five Dir Case 1,no_episode_expansion,64,64,28,0.369870662689209,18,46,20,466173,0.28125,0.47368421052631576,0.35294117647058826,9.866607753008778e-05,0.5263157894736842,2,9,1,3,0
Five Dir Case 1,no_episode_expansion,256,256,85,0.36779022961854935,18,238,20,465981,0.0703125,0.47368421052631576,0.12244897959183673,0.0005104897054817586,0.5263157894736842,2,9,1,3,0
Five Dir Case 1,no_episode_expansion,1024,1024,746,0.3677964620292187,18,1006,20,465213,0.017578125,0.47368421052631576,0.03389830508474576,0.002157784217288442,0.5263157894736842,2,9,1,3,0
Five Dir Case 1,no_episode_expansion,4096,4096,1659,0.3854537606239319,18,4078,20,462141,0.00439453125,0.47368421052631576,0.008708272859216255,0.008746962264515174,0.5263157894736842,2,9,1,3,0
Five Dir Case 1,old_score_top,64,64,25,0.07080475986003876,1,63,37,466156,0.015625,0.02631578947368421,0.0196078431372549,0.00013512962792164198,0.9736842105263158,1,9,1,3,0
Five Dir Case 1,old_score_top,256,256,73,0.07116064056754112,12,244,26,465975,0.046875,0.3157894736842105,0.08163265306122448,0.0005233591938552483,0.6842105263157895,2,9,1,3,0
Five Dir Case 1,old_score_top,1024,1024,309,0.07071701064705849,12,1012,26,465207,0.01171875,0.3157894736842105,0.022598870056497175,0.0021706537056619315,0.6842105263157895,2,9,1,3,0
Five Dir Case 1,old_score_top,4096,4096,1418,0.06932162493467331,12,4084,26,462135,0.0029296875,0.3157894736842105,0.005805515239477504,0.008759831752888664,0.6842105263157895,2,9,1,3,0
Five Dir Case 3,classic,64,64,15,0.13750504702329636,4,60,11,424170,0.0625,0.26666666666666666,0.10126582278481013,0.0001414327133866063,0.7333333333333333,3,7,2,3,0
Five Dir Case 3,classic,256,256,100,0.13670745864510536,4,252,11,423978,0.015625,0.26666666666666666,0.02952029520295203,0.0005940173962237466,0.7333333333333333,3,7,2,3,0
Five Dir Case 3,classic,1024,1024,210,0.1372709795832634,12,1012,3,423218,0.01171875,0.8,0.023099133782483156,0.002385498432454093,0.2,4,7,2,3,0
Five Dir Case 3,classic,4096,4096,543,0.14509688690304756,12,4084,3,420146,0.0029296875,0.8,0.005837995621503284,0.009626853357848337,0.2,4,7,2,3,0
Five Dir Case 3,full,64,64,60,0.14271710813045502,4,60,11,424170,0.0625,0.26666666666666666,0.10126582278481013,0.0001414327133866063,0.7333333333333333,3,7,2,3,0
Five Dir Case 3,full,256,256,139,0.1895589344203472,12,244,3,423986,0.046875,0.8,0.08856088560885608,0.0005751597011055324,0.2,4,7,2,3,0
Five Dir Case 3,full,1024,1024,295,0.13894221931695938,12,1012,3,423218,0.01171875,0.8,0.023099133782483156,0.002385498432454093,0.2,4,7,2,3,0
Five Dir Case 3,full,4096,4096,1108,0.14499205723404884,13,4083,2,420147,0.003173828125,0.8666666666666667,0.006324495256628557,0.009624496145958561,0.13333333333333333,5,7,2,3,0
Five Dir Case 3,no_semantic_frequency,64,64,15,0.13636746630072594,4,60,11,424170,0.0625,0.26666666666666666,0.10126582278481013,0.0001414327133866063,0.7333333333333333,3,7,2,3,0
Five Dir Case 3,no_semantic_frequency,256,256,147,0.13734394311904907,12,244,3,423986,0.046875,0.8,0.08856088560885608,0.0005751597011055324,0.2,4,7,2,3,0
Five Dir Case 3,no_semantic_frequency,1024,1024,266,0.1374221108853817,12,1012,3,423218,0.01171875,0.8,0.023099133782483156,0.002385498432454093,0.2,4,7,2,3,0
Five Dir Case 3,no_semantic_frequency,4096,4096,1208,0.14415748789906502,13,4083,2,420147,0.003173828125,0.8666666666666667,0.006324495256628557,0.009624496145958561,0.13333333333333333,5,7,2,3,0
Five Dir Case 3,no_relation_balance,64,64,60,0.1434779278934002,4,60,11,424170,0.0625,0.26666666666666666,0.10126582278481013,0.0001414327133866063,0.7333333333333333,3,7,2,3,0
Five Dir Case 3,no_relation_balance,256,256,116,0.14642855152487755,12,244,3,423986,0.046875,0.8,0.08856088560885608,0.0005751597011055324,0.2,4,7,2,3,0
Five Dir Case 3,no_relation_balance,1024,1024,192,0.14713354408740997,12,1012,3,423218,0.01171875,0.8,0.023099133782483156,0.002385498432454093,0.2,4,7,2,3,0
Five Dir Case 3,no_relation_balance,4096,4096,727,0.15183879435062408,13,4083,2,420147,0.003173828125,0.8666666666666667,0.006324495256628557,0.009624496145958561,0.13333333333333333,5,7,2,3,0
Five Dir Case 3,geometric_only,64,64,60,0.14295295253396034,4,60,11,424170,0.0625,0.26666666666666666,0.10126582278481013,0.0001414327133866063,0.7333333333333333,3,7,2,3,0
Five Dir Case 3,geometric_only,256,256,150,0.1422249749302864,12,244,3,423986,0.046875,0.8,0.08856088560885608,0.0005751597011055324,0.2,4,7,2,3,0
Five Dir Case 3,geometric_only,1024,1024,296,0.13778628781437874,12,1012,3,423218,0.01171875,0.8,0.023099133782483156,0.002385498432454093,0.2,4,7,2,3,0
Five Dir Case 3,geometric_only,4096,4096,1104,0.1435742937028408,13,4083,2,420147,0.003173828125,0.8666666666666667,0.006324495256628557,0.009624496145958561,0.13333333333333333,5,7,2,3,0
Five Dir Case 3,no_frequency,64,64,12,0.13721679151058197,4,60,11,424170,0.0625,0.26666666666666666,0.10126582278481013,0.0001414327133866063,0.7333333333333333,3,7,2,3,0
Five Dir Case 3,no_frequency,256,256,121,0.13574520871043205,12,244,3,423986,0.046875,0.8,0.08856088560885608,0.0005751597011055324,0.2,4,7,2,3,0
Five Dir Case 3,no_frequency,1024,1024,235,0.13847221806645393,13,1011,2,423219,0.0126953125,0.8666666666666667,0.025024061597690085,0.0023831412205643165,0.13333333333333333,5,7,2,3,0
Five Dir Case 3,no_frequency,4096,4096,1141,0.14313362166285515,14,4082,1,420148,0.00341796875,0.9333333333333333,0.006810994891753831,0.009622138934068783,0.06666666666666667,6,7,3,3,0
Five Dir Case 3,no_episode_expansion,64,64,60,0.36103755235671997,4,60,11,424170,0.0625,0.26666666666666666,0.10126582278481013,0.0001414327133866063,0.7333333333333333,3,7,2,3,0
Five Dir Case 3,no_episode_expansion,256,256,105,0.31813347712159157,12,244,3,423986,0.046875,0.8,0.08856088560885608,0.0005751597011055324,0.2,4,7,2,3,0
Five Dir Case 3,no_episode_expansion,1024,1024,287,0.3127230480313301,12,1012,3,423218,0.01171875,0.8,0.023099133782483156,0.002385498432454093,0.2,4,7,2,3,0
Five Dir Case 3,no_episode_expansion,4096,4096,1111,0.3325332775712013,13,4083,2,420147,0.003173828125,0.8666666666666667,0.006324495256628557,0.009624496145958561,0.13333333333333333,5,7,2,3,0
Five Dir Case 3,old_score_top,64,64,54,0.06707001850008965,10,54,5,424176,0.15625,0.6666666666666666,0.25316455696202533,0.00012728944204794569,0.3333333333333333,3,7,2,3,0
Five Dir Case 3,old_score_top,256,256,114,0.06284039095044136,10,246,5,423984,0.0390625,0.6666666666666666,0.07380073800738007,0.000579874124885086,0.3333333333333333,3,7,2,3,0
Five Dir Case 3,old_score_top,1024,1024,269,0.06275885179638863,11,1013,4,423217,0.0107421875,0.7333333333333333,0.021174205967276226,0.0023878556443438703,0.26666666666666666,4,7,2,3,0
Five Dir Case 3,old_score_top,4096,4096,854,0.06241485849022865,11,4085,4,420145,0.002685546875,0.7333333333333333,0.00535149598637801,0.009629210569738113,0.26666666666666666,4,7,2,3,0
Theia Case 1,classic,64,64,48,0.3094480074942112,7,57,232,897957,0.109375,0.029288702928870293,0.0462046204620462,6.347339796484242e-05,0.9707112970711297,6,12,4,6,0
Theia Case 1,classic,256,256,198,0.29465578496456146,12,244,227,897770,0.046875,0.0502092050209205,0.048484848484848485,0.0002717106860249395,0.9497907949790795,8,12,5,6,0
Theia Case 1,classic,1024,1024,584,0.28682776167988777,14,1010,225,897004,0.013671875,0.058577405857740586,0.022169437846397466,0.0011247040692015937,0.9414225941422594,9,12,5,6,0
Theia Case 1,classic,4096,4096,1402,0.3006184473633766,14,4082,225,893932,0.00341796875,0.058577405857740586,0.006459054209919262,0.004545586148990996,0.9414225941422594,9,12,5,6,0
Theia Case 1,full,64,64,55,0.2804121896624565,8,56,231,897958,0.125,0.03347280334728033,0.052805280528052806,6.235982957949431e-05,0.9665271966527197,7,12,5,6,0
Theia Case 1,full,256,256,203,0.28113772720098495,12,244,227,897770,0.046875,0.0502092050209205,0.048484848484848485,0.0002717106860249395,0.9497907949790795,8,12,5,6,0
Theia Case 1,full,1024,1024,523,0.27815835550427437,14,1010,225,897004,0.013671875,0.058577405857740586,0.022169437846397466,0.0011247040692015937,0.9414225941422594,9,12,5,6,0
Theia Case 1,full,4096,4096,1317,0.28623075783252716,14,4082,225,893932,0.00341796875,0.058577405857740586,0.006459054209919262,0.004545586148990996,0.9414225941422594,9,12,5,6,0
Theia Case 1,no_semantic_frequency,64,64,48,0.28045616671442986,7,57,232,897957,0.109375,0.029288702928870293,0.0462046204620462,6.347339796484242e-05,0.9707112970711297,6,12,4,6,0
Theia Case 1,no_semantic_frequency,256,256,192,0.27602700144052505,12,244,227,897770,0.046875,0.0502092050209205,0.048484848484848485,0.0002717106860249395,0.9497907949790795,8,12,5,6,0
Theia Case 1,no_semantic_frequency,1024,1024,546,0.2782071717083454,14,1010,225,897004,0.013671875,0.058577405857740586,0.022169437846397466,0.0011247040692015937,0.9414225941422594,9,12,5,6,0
Theia Case 1,no_semantic_frequency,4096,4096,1232,0.28407418355345726,14,4082,225,893932,0.00341796875,0.058577405857740586,0.006459054209919262,0.004545586148990996,0.9414225941422594,9,12,5,6,0
Theia Case 1,no_relation_balance,64,64,55,0.2798875421285629,8,56,231,897958,0.125,0.03347280334728033,0.052805280528052806,6.235982957949431e-05,0.9665271966527197,7,12,5,6,0
Theia Case 1,no_relation_balance,256,256,205,0.2817363888025284,12,244,227,897770,0.046875,0.0502092050209205,0.048484848484848485,0.0002717106860249395,0.9497907949790795,8,12,5,6,0
Theia Case 1,no_relation_balance,1024,1024,659,0.27781353518366814,14,1010,225,897004,0.013671875,0.058577405857740586,0.022169437846397466,0.0011247040692015937,0.9414225941422594,9,12,5,6,0
Theia Case 1,no_relation_balance,4096,4096,1452,0.28437330201268196,14,4082,225,893932,0.00341796875,0.058577405857740586,0.006459054209919262,0.004545586148990996,0.9414225941422594,9,12,5,6,0
Theia Case 1,geometric_only,64,64,53,0.281146802008152,8,56,231,897958,0.125,0.03347280334728033,0.052805280528052806,6.235982957949431e-05,0.9665271966527197,7,12,5,6,0
Theia Case 1,geometric_only,256,256,203,0.27959156781435013,12,244,227,897770,0.046875,0.0502092050209205,0.048484848484848485,0.0002717106860249395,0.9497907949790795,8,12,5,6,0
Theia Case 1,geometric_only,1024,1024,523,0.2855093702673912,14,1010,225,897004,0.013671875,0.058577405857740586,0.022169437846397466,0.0011247040692015937,0.9414225941422594,9,12,5,6,0
Theia Case 1,geometric_only,4096,4096,1166,0.28419576957821846,14,4082,225,893932,0.00341796875,0.058577405857740586,0.006459054209919262,0.004545586148990996,0.9414225941422594,9,12,5,6,0
Theia Case 1,no_frequency,64,64,48,0.27483582496643066,7,57,232,897957,0.109375,0.029288702928870293,0.0462046204620462,6.347339796484242e-05,0.9707112970711297,6,12,4,6,0
Theia Case 1,no_frequency,256,256,102,0.2734086997807026,7,249,232,897765,0.02734375,0.029288702928870293,0.028282828282828285,0.00027727852795168004,0.9707112970711297,6,12,4,6,0
Theia Case 1,no_frequency,1024,1024,492,0.2772218808531761,14,1010,225,897004,0.013671875,0.058577405857740586,0.022169437846397466,0.0011247040692015937,0.9414225941422594,9,12,5,6,0
Theia Case 1,no_frequency,4096,4096,1248,0.29255998507142067,14,4082,225,893932,0.00341796875,0.058577405857740586,0.006459054209919262,0.004545586148990996,0.9414225941422594,9,12,5,6,0
Theia Case 1,no_episode_expansion,64,64,54,0.8422754369676113,8,56,231,897958,0.125,0.03347280334728033,0.052805280528052806,6.235982957949431e-05,0.9665271966527197,7,12,5,6,0
Theia Case 1,no_episode_expansion,256,256,171,0.7417946606874466,12,244,227,897770,0.046875,0.0502092050209205,0.048484848484848485,0.0002717106860249395,0.9497907949790795,8,12,5,6,0
Theia Case 1,no_episode_expansion,1024,1024,551,0.7367180548608303,14,1010,225,897004,0.013671875,0.058577405857740586,0.022169437846397466,0.0011247040692015937,0.9414225941422594,9,12,5,6,0
Theia Case 1,no_episode_expansion,4096,4096,1326,0.7552650831639767,14,4082,225,893932,0.00341796875,0.058577405857740586,0.006459054209919262,0.004545586148990996,0.9414225941422594,9,12,5,6,0
Theia Case 1,old_score_top,64,64,50,0.18981587141752243,7,57,232,897957,0.109375,0.029288702928870293,0.0462046204620462,6.347339796484242e-05,0.9707112970711297,6,12,4,6,0
Theia Case 1,old_score_top,256,256,174,0.18849395960569382,12,244,227,897770,0.046875,0.0502092050209205,0.048484848484848485,0.0002717106860249395,0.9497907949790795,8,12,5,6,0
Theia Case 1,old_score_top,1024,1024,212,0.18526551872491837,12,1012,227,897002,0.01171875,0.0502092050209205,0.019002375296912115,0.0011269312059722899,0.9497907949790795,8,12,5,6,0
Theia Case 1,old_score_top,4096,4096,243,0.18361805751919746,12,4084,227,893930,0.0029296875,0.0502092050209205,0.005536332179930796,0.004547813285761692,0.9497907949790795,8,12,5,6,0
Theia Case 3,classic,64,64,52,0.37429362908005714,7,57,222,1131932,0.109375,0.03056768558951965,0.04778156996587031,5.0353846194618496e-05,0.9694323144104804,6,9,4,5,0
Theia Case 3,classic,256,256,196,0.36795061081647873,7,249,222,1131740,0.02734375,0.03056768558951965,0.0288659793814433,0.00021996680179754398,0.9694323144104804,6,9,4,5,0
Theia Case 3,classic,1024,1024,805,0.37025851383805275,7,1017,222,1130972,0.0068359375,0.03056768558951965,0.0111731843575419,0.0008984186242092458,0.9694323144104804,6,9,4,5,0
Theia Case 3,classic,4096,4096,3311,0.38940504565835,7,4089,222,1127900,0.001708984375,0.03056768558951965,0.0032369942196531793,0.0036122259138560535,0.9694323144104804,6,9,4,5,0
Theia Case 3,full,64,64,44,0.3641766496002674,7,57,222,1131932,0.109375,0.03056768558951965,0.04778156996587031,5.0353846194618496e-05,0.9694323144104804,6,9,4,5,0
Theia Case 3,full,256,256,35,0.3649504818022251,222,34,7,1131955,0.8671875,0.9694323144104804,0.9154639175257732,3.0035627554684718e-05,0.03056768558951965,5,9,4,5,0
Theia Case 3,full,1024,1024,625,0.36571749299764633,225,799,4,1131190,0.2197265625,0.982532751091703,0.35913806863527536,0.0007058372475350909,0.017467248908296942,7,9,5,5,0
Theia Case 3,full,4096,4096,3022,0.38209886476397514,225,3871,4,1128118,0.054931640625,0.982532751091703,0.10404624277456648,0.0034196445371818983,0.017467248908296942,7,9,5,5,0
Theia Case 3,no_semantic_frequency,64,64,53,0.3685353696346283,7,57,222,1131932,0.109375,0.03056768558951965,0.04778156996587031,5.0353846194618496e-05,0.9694323144104804,6,9,4,5,0
Theia Case 3,no_semantic_frequency,256,256,33,0.36129457876086235,224,32,5,1131957,0.875,0.9781659388646288,0.9237113402061856,2.8268825933820913e-05,0.021834061135371178,6,9,4,5,0
Theia Case 3,no_semantic_frequency,1024,1024,631,0.36431457102298737,224,800,5,1131189,0.21875,0.9781659388646288,0.3575418994413408,0.0007067206483455228,0.021834061135371178,6,9,4,5,0
Theia Case 3,no_semantic_frequency,4096,4096,3132,0.3777967020869255,224,3872,5,1128117,0.0546875,0.9781659388646288,0.10358381502890174,0.00342052793799233,0.021834061135371178,6,9,4,5,0
Theia Case 3,no_relation_balance,64,64,44,0.36327116563916206,7,57,222,1131932,0.109375,0.03056768558951965,0.04778156996587031,5.0353846194618496e-05,0.9694323144104804,6,9,4,5,0
Theia Case 3,no_relation_balance,256,256,193,0.3656481243669987,7,249,222,1131740,0.02734375,0.03056768558951965,0.0288659793814433,0.00021996680179754398,0.9694323144104804,6,9,4,5,0
Theia Case 3,no_relation_balance,1024,1024,624,0.36393024772405624,224,800,5,1131189,0.21875,0.9781659388646288,0.3575418994413408,0.0007067206483455228,0.021834061135371178,6,9,4,5,0
Theia Case 3,no_relation_balance,4096,4096,3021,0.37659962847828865,224,3872,5,1128117,0.0546875,0.9781659388646288,0.10358381502890174,0.00342052793799233,0.021834061135371178,6,9,4,5,0
Theia Case 3,geometric_only,64,64,44,0.367811381816864,7,57,222,1131932,0.109375,0.03056768558951965,0.04778156996587031,5.0353846194618496e-05,0.9694323144104804,6,9,4,5,0
Theia Case 3,geometric_only,256,256,35,0.36306827142834663,222,34,7,1131955,0.8671875,0.9694323144104804,0.9154639175257732,3.0035627554684718e-05,0.03056768558951965,5,9,4,5,0
Theia Case 3,geometric_only,1024,1024,625,0.3637764938175678,225,799,4,1131190,0.2197265625,0.982532751091703,0.35913806863527536,0.0007058372475350909,0.017467248908296942,7,9,5,5,0
Theia Case 3,geometric_only,4096,4096,3022,0.37675828859210014,225,3871,4,1128118,0.054931640625,0.982532751091703,0.10404624277456648,0.0034196445371818983,0.017467248908296942,7,9,5,5,0
Theia Case 3,no_frequency,64,64,46,0.36632974073290825,6,58,223,1131931,0.09375,0.026200873362445413,0.040955631399317405,5.12372470050504e-05,0.9737991266375546,6,9,5,5,0
Theia Case 3,no_frequency,256,256,38,0.35695168748497963,222,34,7,1131955,0.8671875,0.9694323144104804,0.9154639175257732,3.0035627554684718e-05,0.03056768558951965,5,9,4,5,0
Theia Case 3,no_frequency,1024,1024,604,0.36421874165534973,227,797,2,1131192,0.2216796875,0.9912663755458515,0.36233040702314445,0.0007040704459142271,0.008733624454148471,8,9,5,5,0
Theia Case 3,no_frequency,4096,4096,2979,0.3731432110071182,227,3869,2,1128120,0.055419921875,0.9912663755458515,0.10497109826589596,0.0034178777355610345,0.008733624454148471,8,9,5,5,0
Theia Case 3,no_episode_expansion,64,64,20,0.9343628473579884,47,17,182,1131972,0.734375,0.2052401746724891,0.32081911262798635,1.5017813777342359e-05,0.7947598253275109,4,9,3,5,0
Theia Case 3,no_episode_expansion,256,256,38,0.9497603923082352,222,34,7,1131955,0.8671875,0.9694323144104804,0.9154639175257732,3.0035627554684718e-05,0.03056768558951965,5,9,4,5,0
Theia Case 3,no_episode_expansion,1024,1024,778,0.950139619410038,225,799,4,1131190,0.2197265625,0.982532751091703,0.35913806863527536,0.0007058372475350909,0.017467248908296942,7,9,5,5,0
Theia Case 3,no_episode_expansion,4096,4096,3806,0.9654938876628876,225,3871,4,1128118,0.054931640625,0.982532751091703,0.10404624277456648,0.0034196445371818983,0.017467248908296942,7,9,5,5,0
Theia Case 3,old_score_top,64,64,10,0.23407941311597824,58,6,171,1131983,0.90625,0.25327510917030566,0.39590443686006827,5.300404862591421e-06,0.7467248908296943,5,9,3,5,0
Theia Case 3,old_score_top,256,256,33,0.2326067052781582,223,33,6,1131956,0.87109375,0.9737991266375546,0.9195876288659793,2.9152226744252814e-05,0.026200873362445413,5,9,3,5,0
Theia Case 3,old_score_top,1024,1024,485,0.23140133172273636,225,799,4,1131190,0.2197265625,0.982532751091703,0.35913806863527536,0.0007058372475350909,0.017467248908296942,7,9,5,5,0
Theia Case 3,old_score_top,4096,4096,3352,0.23141557723283768,225,3871,4,1128118,0.054931640625,0.982532751091703,0.10404624277456648,0.0034196445371818983,0.017467248908296942,7,9,5,5,0
Theia Case 5,classic,64,64,27,0.09733496978878975,24,40,7,137691,0.375,0.7741935483870968,0.5052631578947369,0.00029042118332111145,0.22580645161290322,1,8,1,6,0
Theia Case 5,classic,256,256,100,0.09678686410188675,25,231,6,137500,0.09765625,0.8064516129032258,0.17421602787456447,0.0016771823336794187,0.1935483870967742,2,8,2,6,0
Theia Case 5,classic,1024,1024,302,0.10485632717609406,27,997,4,136734,0.0263671875,0.8709677419354839,0.05118483412322275,0.007238747994278703,0.12903225806451613,4,8,3,6,0
Theia Case 5,classic,4096,4096,3213,0.1112850271165371,28,4068,3,133663,0.0068359375,0.9032258064516129,0.013569178580082384,0.029535834343757034,0.0967741935483871,5,8,3,6,0
Theia Case 5,full,64,64,27,0.09426019340753555,24,40,7,137691,0.375,0.7741935483870968,0.5052631578947369,0.00029042118332111145,0.22580645161290322,1,8,1,6,0
Theia Case 5,full,256,256,101,0.09412828087806702,25,231,6,137500,0.09765625,0.8064516129032258,0.17421602787456447,0.0016771823336794187,0.1935483870967742,2,8,2,6,0
Theia Case 5,full,1024,1024,372,0.09604708850383759,26,998,5,136733,0.025390625,0.8387096774193549,0.04928909952606635,0.007246008523861731,0.16129032258064516,3,8,2,6,0
Theia Case 5,full,4096,4096,3444,0.11201388388872147,26,4070,5,133661,0.00634765625,0.8387096774193549,0.012599951538647928,0.029550355402923088,0.16129032258064516,3,8,2,6,0
Theia Case 5,no_semantic_frequency,64,64,27,0.09369241073727608,24,40,7,137691,0.375,0.7741935483870968,0.5052631578947369,0.00029042118332111145,0.22580645161290322,1,8,1,6,0
Theia Case 5,no_semantic_frequency,256,256,100,0.09364180639386177,25,231,6,137500,0.09765625,0.8064516129032258,0.17421602787456447,0.0016771823336794187,0.1935483870967742,2,8,2,6,0
Theia Case 5,no_semantic_frequency,1024,1024,260,0.09521888196468353,26,998,5,136733,0.025390625,0.8387096774193549,0.04928909952606635,0.007246008523861731,0.16129032258064516,3,8,2,6,0
Theia Case 5,no_semantic_frequency,4096,4096,3191,0.11413440853357315,28,4068,3,133663,0.0068359375,0.9032258064516129,0.013569178580082384,0.029535834343757034,0.0967741935483871,5,8,3,6,0
Theia Case 5,no_relation_balance,64,64,27,0.09335793182253838,24,40,7,137691,0.375,0.7741935483870968,0.5052631578947369,0.00029042118332111145,0.22580645161290322,1,8,1,6,0
Theia Case 5,no_relation_balance,256,256,101,0.09459144994616508,25,231,6,137500,0.09765625,0.8064516129032258,0.17421602787456447,0.0016771823336794187,0.1935483870967742,2,8,2,6,0
Theia Case 5,no_relation_balance,1024,1024,303,0.0950748473405838,28,996,3,136735,0.02734375,0.9032258064516129,0.05308056872037915,0.007231487464695675,0.0967741935483871,5,8,3,6,0
Theia Case 5,no_relation_balance,4096,4096,3213,0.11048251762986183,28,4068,3,133663,0.0068359375,0.9032258064516129,0.013569178580082384,0.029535834343757034,0.0967741935483871,5,8,3,6,0
Theia Case 5,geometric_only,64,64,27,0.0935642346739769,24,40,7,137691,0.375,0.7741935483870968,0.5052631578947369,0.00029042118332111145,0.22580645161290322,1,8,1,6,0
Theia Case 5,geometric_only,256,256,101,0.09417298063635826,25,231,6,137500,0.09765625,0.8064516129032258,0.17421602787456447,0.0016771823336794187,0.1935483870967742,2,8,2,6,0
Theia Case 5,geometric_only,1024,1024,416,0.09627866372466087,26,998,5,136733,0.025390625,0.8387096774193549,0.04928909952606635,0.007246008523861731,0.16129032258064516,3,8,2,6,0
Theia Case 5,geometric_only,4096,4096,3488,0.11241175979375839,26,4070,5,133661,0.00634765625,0.8387096774193549,0.012599951538647928,0.029550355402923088,0.16129032258064516,3,8,2,6,0
Theia Case 5,no_frequency,64,64,10,0.09336953237652779,24,40,7,137691,0.375,0.7741935483870968,0.5052631578947369,0.00029042118332111145,0.22580645161290322,1,8,1,6,0
Theia Case 5,no_frequency,256,256,103,0.09364171326160431,25,231,6,137500,0.09765625,0.8064516129032258,0.17421602787456447,0.0016771823336794187,0.1935483870967742,2,8,2,6,0
Theia Case 5,no_frequency,1024,1024,331,0.0964646115899086,26,998,5,136733,0.025390625,0.8387096774193549,0.04928909952606635,0.007246008523861731,0.16129032258064516,3,8,2,6,0
Theia Case 5,no_frequency,4096,4096,3403,0.11213452741503716,26,4070,5,133661,0.00634765625,0.8387096774193549,0.012599951538647928,0.029550355402923088,0.16129032258064516,3,8,2,6,0
Theia Case 5,no_episode_expansion,64,64,22,0.09895120561122894,24,40,7,137691,0.375,0.7741935483870968,0.5052631578947369,0.00029042118332111145,0.22580645161290322,1,8,1,6,0
Theia Case 5,no_episode_expansion,256,256,102,0.09847739338874817,25,231,6,137500,0.09765625,0.8064516129032258,0.17421602787456447,0.0016771823336794187,0.1935483870967742,2,8,2,6,0
Theia Case 5,no_episode_expansion,1024,1024,374,0.10267357155680656,26,998,5,136733,0.025390625,0.8387096774193549,0.04928909952606635,0.007246008523861731,0.16129032258064516,3,8,2,6,0
Theia Case 5,no_episode_expansion,4096,4096,3446,0.11998787894845009,26,4070,5,133661,0.00634765625,0.8387096774193549,0.012599951538647928,0.029550355402923088,0.16129032258064516,3,8,2,6,0
Theia Case 5,old_score_top,64,64,49,0.01929784193634987,1,63,30,137668,0.015625,0.03225806451612903,0.021052631578947368,0.00045741336373075054,0.967741935483871,1,8,1,6,0
Theia Case 5,old_score_top,256,256,98,0.019005928188562393,1,255,30,137476,0.00390625,0.03225806451612903,0.006968641114982578,0.0018514350436720855,0.967741935483871,1,8,1,6,0
Theia Case 5,old_score_top,1024,1024,358,0.018686149269342422,2,1022,29,136709,0.001953125,0.06451612903225806,0.0037914691943127963,0.007420261233854398,0.9354838709677419,2,8,1,6,0
Theia Case 5,old_score_top,4096,4096,3430,0.018596533685922623,5,4091,26,133640,0.001220703125,0.16129032258064516,0.00242306760358614,0.029702826524166673,0.8387096774193549,5,8,4,6,0
