case,method,load_seconds,cache_load_verify_seconds,group_seconds,score_seconds,route_seconds,pool_seconds,select_seconds,warm_candidate_pipeline_seconds,cold_history_build_seconds,peak_rss_mib,selection_matches_main,scope
0,channel_heat,10.799975268542767,0.12093067169189453,0.4194215126335621,0.08747115731239319,2.4089281037449837,0.24819838628172874,3.376800887286663,17.461725987493992,12.151798091828823,284.3984375,True,"fresh process, one sample, concurrent cases, BLAS/OMP1; warm conditional-history cache; excludes raw CDM/import/history rebuild/export/evaluation. All three methods verify/load same cache even if original/heat do not use its rarity."
0,channel_only,10.714584786444902,0.11849023029208183,0.43020084127783775,0.8656293712556362,2.4231450855731964,0.26511837914586067,4.22631436213851,19.043483056128025,12.151798091828823,293.22265625,True,"fresh process, one sample, concurrent cases, BLAS/OMP1; warm conditional-history cache; excludes raw CDM/import/history rebuild/export/evaluation. All three methods verify/load same cache even if original/heat do not use its rarity."
0,history_channel,10.951021779328585,0.12071256712079048,0.43681056052446365,0.8702536448836327,2.4142480455338955,0.2727041691541672,4.541613951325417,19.60736471787095,12.151798091828823,291.08203125,True,"fresh process, one sample, concurrent cases, BLAS/OMP1; warm conditional-history cache; excludes raw CDM/import/history rebuild/export/evaluation. All three methods verify/load same cache even if original/heat do not use its rarity."
1,channel_heat,10.447377555072308,0.10703164339065552,0.3959477134048939,0.10472877323627472,2.0753201879560947,0.22860758751630783,5.0069911405444145,18.36600460112095,9.848994493484497,265.41015625,True,"fresh process, one sample, concurrent cases, BLAS/OMP1; warm conditional-history cache; excludes raw CDM/import/history rebuild/export/evaluation. All three methods verify/load same cache even if original/heat do not use its rarity."
1,channel_only,10.420673415064812,0.1048121489584446,0.39501434564590454,0.8625069856643677,2.103844255208969,0.2415185607969761,4.2995914071798325,18.427961118519306,9.848994493484497,265.078125,True,"fresh process, one sample, concurrent cases, BLAS/OMP1; warm conditional-history cache; excludes raw CDM/import/history rebuild/export/evaluation. All three methods verify/load same cache even if original/heat do not use its rarity."
1,history_channel,10.533371474593878,0.12004129588603973,0.38738907128572464,0.8313536569476128,2.0285058431327343,0.21671541407704353,3.8597450517117977,17.97712180763483,9.848994493484497,264.69921875,True,"fresh process, one sample, concurrent cases, BLAS/OMP1; warm conditional-history cache; excludes raw CDM/import/history rebuild/export/evaluation. All three methods verify/load same cache even if original/heat do not use its rarity."
2,channel_heat,21.493236906826496,0.21744317561388016,0.8007758855819702,0.17175309360027313,8.21307585388422,0.4600462429225445,4.589360054582357,35.94569121301174,30.601293839514256,447.9921875,True,"fresh process, one sample, concurrent cases, BLAS/OMP1; warm conditional-history cache; excludes raw CDM/import/history rebuild/export/evaluation. All three methods verify/load same cache even if original/heat do not use its rarity."
2,channel_only,21.50237074121833,0.22065628692507744,0.8058227263391018,3.0243376903235912,8.391210120171309,0.4695913828909397,4.80988023430109,39.22386918216944,30.601293839514256,487.70703125,True,"fresh process, one sample, concurrent cases, BLAS/OMP1; warm conditional-history cache; excludes raw CDM/import/history rebuild/export/evaluation. All three methods verify/load same cache even if original/heat do not use its rarity."
2,history_channel,21.38416012749076,0.22665508091449738,0.8059319965541363,2.974306859076023,8.098711099475622,0.46322938427329063,4.644401255995035,38.597395803779364,30.601293839514256,487.54296875,True,"fresh process, one sample, concurrent cases, BLAS/OMP1; warm conditional-history cache; excludes raw CDM/import/history rebuild/export/evaluation. All three methods verify/load same cache even if original/heat do not use its rarity."
3,channel_heat,26.983371678739786,0.3539106287062168,1.0596356950700283,0.21160132437944412,9.192330297082663,0.5355774760246277,4.557816628366709,42.894243728369474,44.727247674018145,543.38671875,True,"fresh process, one sample, concurrent cases, BLAS/OMP1; warm conditional-history cache; excludes raw CDM/import/history rebuild/export/evaluation. All three methods verify/load same cache even if original/heat do not use its rarity."
3,channel_only,27.05673486739397,0.2736017480492592,1.030316449701786,2.633326567709446,9.373103614896536,0.5230747871100903,4.835011955350637,45.725169990211725,44.727247674018145,546.515625,True,"fresh process, one sample, concurrent cases, BLAS/OMP1; warm conditional-history cache; excludes raw CDM/import/history rebuild/export/evaluation. All three methods verify/load same cache even if original/heat do not use its rarity."
3,history_channel,26.836273357272148,0.27649080008268356,1.0314754880964756,2.6063066944479942,9.217407014220953,0.5854646265506744,4.912632763385773,45.4660507440567,44.727247674018145,545.3828125,True,"fresh process, one sample, concurrent cases, BLAS/OMP1; warm conditional-history cache; excludes raw CDM/import/history rebuild/export/evaluation. All three methods verify/load same cache even if original/heat do not use its rarity."
4,channel_heat,3.3968412913382053,0.0782846063375473,0.11698989570140839,0.051217593252658844,0.7054581716656685,0.0606558620929718,0.6963277719914913,5.1057751923799515,30.37813863158226,160.70703125,True,"fresh process, one sample, concurrent cases, BLAS/OMP1; warm conditional-history cache; excludes raw CDM/import/history rebuild/export/evaluation. All three methods verify/load same cache even if original/heat do not use its rarity."
4,channel_only,3.394322667270899,0.0774189792573452,0.11750492453575134,1.1223297528922558,0.6940987557172775,0.060481470078229904,0.7008467689156532,6.167003318667412,30.37813863158226,178.72265625,True,"fresh process, one sample, concurrent cases, BLAS/OMP1; warm conditional-history cache; excludes raw CDM/import/history rebuild/export/evaluation. All three methods verify/load same cache even if original/heat do not use its rarity."
4,history_channel,3.4819342382252216,0.08708081766963005,0.12027744203805923,1.109189011156559,0.6986203119158745,0.0622640922665596,0.6975499987602234,6.256915912032127,30.37813863158226,176.69140625,True,"fresh process, one sample, concurrent cases, BLAS/OMP1; warm conditional-history cache; excludes raw CDM/import/history rebuild/export/evaluation. All three methods verify/load same cache even if original/heat do not use its rarity."
