case,method,raw_events,raw_cap,track,load_seconds,scoring_seconds,route_seconds,pool_seconds,optimization_seconds,frozen_candidate_pipeline_seconds,peak_rss_mib,selection_matches_main,ledger_sha256,scope
0,marginal_linear,1024,1024,poi_only,10.940023921430111,0.8759006522595882,2.415043890476227,0.15811172500252724,0.450688473880291,14.839768663048744,266.66015625,True,27ac808c4875ff7bc212cd44d0b82e081fc4f0279cf13a9508eab91fadcb7eb2,"fresh process; one sample; concurrent cases; BLAS/OMP env=1, HiGHS internal thread default; includes routes and pool; excludes raw-CDM/history/evaluation/export"
0,marginal_milp,1024,1024,poi_only,10.739679366350174,0.8666226379573345,2.4287321977317333,0.1576438695192337,0.29010531678795815,14.482783388346434,303.4453125,True,27ac808c4875ff7bc212cd44d0b82e081fc4f0279cf13a9508eab91fadcb7eb2,"fresh process; one sample; concurrent cases; BLAS/OMP env=1, HiGHS internal thread default; includes routes and pool; excludes raw-CDM/history/evaluation/export"
0,marginal_rerank,1024,1024,poi_only,10.845410227775574,0.8796884678304195,2.4185118786990643,0.15744615346193314,1.0997560508549213,15.400812778621912,266.37109375,True,27ac808c4875ff7bc212cd44d0b82e081fc4f0279cf13a9508eab91fadcb7eb2,"fresh process; one sample; concurrent cases; BLAS/OMP env=1, HiGHS internal thread default; includes routes and pool; excludes raw-CDM/history/evaluation/export"
1,marginal_linear,1024,1024,poi_only,10.388765405863523,0.8278435170650482,2.044920466840267,0.11882144585251808,0.454850934445858,13.835201770067215,242.82421875,True,e4a914988691c66b4ee83b0475c1193a0d1324843c32d0543031fa9c4e25f7dd,"fresh process; one sample; concurrent cases; BLAS/OMP env=1, HiGHS internal thread default; includes routes and pool; excludes raw-CDM/history/evaluation/export"
1,marginal_milp,1024,1024,poi_only,10.315048933029175,0.848412349820137,2.044149726629257,0.12499327957630157,0.3071666285395622,13.639770917594433,283.42578125,True,e4a914988691c66b4ee83b0475c1193a0d1324843c32d0543031fa9c4e25f7dd,"fresh process; one sample; concurrent cases; BLAS/OMP env=1, HiGHS internal thread default; includes routes and pool; excludes raw-CDM/history/evaluation/export"
1,marginal_rerank,1024,1024,poi_only,10.600201591849327,0.8317395858466625,2.041748993098736,0.11890106275677681,1.1216109208762646,14.714202154427767,243.3671875,True,e4a914988691c66b4ee83b0475c1193a0d1324843c32d0543031fa9c4e25f7dd,"fresh process; one sample; concurrent cases; BLAS/OMP env=1, HiGHS internal thread default; includes routes and pool; excludes raw-CDM/history/evaluation/export"
2,marginal_linear,1024,1024,poi_only,21.41420742124319,2.943479150533676,8.096874129027128,0.3145429193973541,0.42897484079003334,33.19807846099138,473.3515625,True,b7924926bc633ef94104179e087bc0dbe0268f610020c194fda664d37927b827,"fresh process; one sample; concurrent cases; BLAS/OMP env=1, HiGHS internal thread default; includes routes and pool; excludes raw-CDM/history/evaluation/export"
2,marginal_milp,1024,1024,poi_only,21.627156533300877,3.0443636551499367,8.264598090201616,0.32078760489821434,0.8025119677186012,34.059417851269245,473.2890625,True,b7924926bc633ef94104179e087bc0dbe0268f610020c194fda664d37927b827,"fresh process; one sample; concurrent cases; BLAS/OMP env=1, HiGHS internal thread default; includes routes and pool; excludes raw-CDM/history/evaluation/export"
2,marginal_rerank,1024,1024,poi_only,21.93975191563368,2.9178422912955284,8.203114934265614,0.3124009110033512,0.9994183629751205,34.37252841517329,473.6015625,True,b7924926bc633ef94104179e087bc0dbe0268f610020c194fda664d37927b827,"fresh process; one sample; concurrent cases; BLAS/OMP env=1, HiGHS internal thread default; includes routes and pool; excludes raw-CDM/history/evaluation/export"
3,marginal_linear,1024,1024,poi_only,27.122948341071606,2.561557326465845,9.307046756148338,0.3946625329554081,0.5035532899200916,39.88976824656129,527.9296875,True,95884055355027cbd379470467f28b1d36f851af1a9ce8da8adf7f94dd70ec5b,"fresh process; one sample; concurrent cases; BLAS/OMP env=1, HiGHS internal thread default; includes routes and pool; excludes raw-CDM/history/evaluation/export"
3,marginal_milp,1024,1024,poi_only,26.725944880396128,2.597375102341175,9.397126201540232,0.3913712650537491,0.28141315653920174,39.393230605870485,537.234375,True,95884055355027cbd379470467f28b1d36f851af1a9ce8da8adf7f94dd70ec5b,"fresh process; one sample; concurrent cases; BLAS/OMP env=1, HiGHS internal thread default; includes routes and pool; excludes raw-CDM/history/evaluation/export"
3,marginal_rerank,1024,1024,poi_only,26.928405340760946,2.7456372641026974,9.528724379837513,0.3991910293698311,1.1896649412810802,40.79162295535207,528.35546875,True,95884055355027cbd379470467f28b1d36f851af1a9ce8da8adf7f94dd70ec5b,"fresh process; one sample; concurrent cases; BLAS/OMP env=1, HiGHS internal thread default; includes routes and pool; excludes raw-CDM/history/evaluation/export"
4,marginal_linear,1024,1024,poi_only,3.390424307435751,1.081279318779707,0.690901406109333,0.04899560287594795,0.3231450319290161,5.534745667129755,173.89453125,True,cb16eaf3d9c098f5528b334a7d7dc94cfe60faf8cc5a8d59d13b1cb1eeef48a8,"fresh process; one sample; concurrent cases; BLAS/OMP env=1, HiGHS internal thread default; includes routes and pool; excludes raw-CDM/history/evaluation/export"
4,marginal_milp,1024,1024,poi_only,3.3678260818123817,1.1315554976463318,0.6982245035469532,0.04827142134308815,0.7131334505975246,5.9590109549462795,180.53515625,True,cb16eaf3d9c098f5528b334a7d7dc94cfe60faf8cc5a8d59d13b1cb1eeef48a8,"fresh process; one sample; concurrent cases; BLAS/OMP env=1, HiGHS internal thread default; includes routes and pool; excludes raw-CDM/history/evaluation/export"
4,marginal_rerank,1024,1024,poi_only,3.4915168583393097,1.1074883788824081,0.6980041228234768,0.04967356100678444,0.738814227283001,6.08549714833498,174.1328125,True,cb16eaf3d9c098f5528b334a7d7dc94cfe60faf8cc5a8d59d13b1cb1eeef48a8,"fresh process; one sample; concurrent cases; BLAS/OMP env=1, HiGHS internal thread default; includes routes and pool; excludes raw-CDM/history/evaluation/export"
