case,scenario,method,candidate_edges,FP,FN,#E,Precision,Recall,F1,paper_FPR,known_positive_hits,known_positive_total,known_positive_outside_candidate,non_POI_positive_hits,non_POI_positive_total,reference_complete,note
Five Dir Case 1,one report POI,PS-RDP 20%,466257,NA,NA,93251,NA,NA,NA,NA,7,20,0,6,19,False,Unreviewed edges; not SPARSE event labels
Five Dir Case 1,one report POI,optimized Five Dir Case 1 | one report POI | file IO origin | 23 edges,466257,NA,NA,23,NA,NA,NA,NA,20,20,0,19,19,False,Unreviewed edges; not SPARSE event labels
Five Dir Case 3,one report POI,PS-RDP 20%,424245,NA,NA,84849,NA,NA,NA,NA,5,13,0,4,12,False,Unreviewed edges; not SPARSE event labels
Five Dir Case 3,two report POIs,optimized Five Dir Case 3 | two report POIs | bridge | 39 edges,424245,NA,NA,39,NA,NA,NA,NA,13,13,0,12,12,False,Unreviewed edges; not SPARSE event labels
Theia Case 1,three report POIs,PS-RDP 20%,898253,NA,NA,179650,NA,NA,NA,NA,405,25217,2,402,25214,False,Unreviewed edges; not SPARSE event labels
Theia Case 1,three report POIs,optimized Theia Case 1 | three report POIs | RASP-D | 179650 edges,898253,NA,NA,179650,NA,NA,NA,NA,521,25217,2,518,25214,False,Unreviewed edges; not SPARSE event labels
Theia Case 3,three report POIs,PS-RDP 20%,1132218,NA,NA,226443,NA,NA,NA,NA,664,870,0,661,867,False,Unreviewed edges; not SPARSE event labels
Theia Case 3,three report POIs,optimized Theia Case 3 | three report POIs | RASP-D | 226443 edges,1132218,NA,NA,226443,NA,NA,NA,NA,870,870,0,867,867,False,Unreviewed edges; not SPARSE event labels
Theia Case 5,inferred TRACE Case 5,PS-RDP 20%,137762,NA,NA,27552,NA,NA,NA,NA,104,104,0,103,103,False,Unreviewed edges; not SPARSE event labels
Theia Case 5,inferred TRACE Case 5,optimized Theia Case 5 / TRACE artifact | one report POI | file IO origin | 135 edges,137762,NA,NA,135,NA,NA,NA,NA,104,104,0,103,103,False,Unreviewed edges; not SPARSE event labels
