case,method,raw_events,raw_cap,track,load_seconds,after_load_seconds,frozen_candidate_pipeline_seconds,peak_rss_mib,selection_matches_main,ledger_sha256,scope
0,witness_rerank,1024,1024,poi_only,10.757183317095041,3.5257775001227856,14.282960817217827,234.43359375,True,27ac808c4875ff7bc212cd44d0b82e081fc4f0279cf13a9508eab91fadcb7eb2,fresh single-thread process; one sample; cases concurrent; includes routes; excludes raw-CDM/history model/evaluation/export
0,witness_static,1024,1024,poi_only,10.796988178044558,3.4034509360790253,14.200439114123583,234.2734375,True,27ac808c4875ff7bc212cd44d0b82e081fc4f0279cf13a9508eab91fadcb7eb2,fresh single-thread process; one sample; cases concurrent; includes routes; excludes raw-CDM/history model/evaluation/export
0,witness_time_only,1024,1024,poi_only,10.853958126157522,2.5692388117313385,13.42319693788886,230.1875,True,27ac808c4875ff7bc212cd44d0b82e081fc4f0279cf13a9508eab91fadcb7eb2,fresh single-thread process; one sample; cases concurrent; includes routes; excludes raw-CDM/history model/evaluation/export
1,witness_rerank,1024,1024,poi_only,10.357026647776365,3.0357388854026794,13.392765533179045,214.24609375,True,e4a914988691c66b4ee83b0475c1193a0d1324843c32d0543031fa9c4e25f7dd,fresh single-thread process; one sample; cases concurrent; includes routes; excludes raw-CDM/history model/evaluation/export
1,witness_static,1024,1024,poi_only,10.463950458914042,3.021571770310402,13.485522229224443,214.08203125,True,e4a914988691c66b4ee83b0475c1193a0d1324843c32d0543031fa9c4e25f7dd,fresh single-thread process; one sample; cases concurrent; includes routes; excludes raw-CDM/history model/evaluation/export
1,witness_time_only,1024,1024,poi_only,10.864020962268114,2.2454336024820805,13.109454564750195,203.84765625,True,e4a914988691c66b4ee83b0475c1193a0d1324843c32d0543031fa9c4e25f7dd,fresh single-thread process; one sample; cases concurrent; includes routes; excludes raw-CDM/history model/evaluation/export
2,witness_rerank,1024,1024,poi_only,21.582175631076097,11.216665729880333,32.79884136095643,441.83203125,True,b7924926bc633ef94104179e087bc0dbe0268f610020c194fda664d37927b827,fresh single-thread process; one sample; cases concurrent; includes routes; excludes raw-CDM/history model/evaluation/export
2,witness_static,1024,1024,poi_only,21.355945993214846,11.406037904322147,32.76198389753699,442.0625,True,b7924926bc633ef94104179e087bc0dbe0268f610020c194fda664d37927b827,fresh single-thread process; one sample; cases concurrent; includes routes; excludes raw-CDM/history model/evaluation/export
2,witness_time_only,1024,1024,poi_only,21.737119752913713,8.677281524986029,30.414401277899742,388.4375,True,b7924926bc633ef94104179e087bc0dbe0268f610020c194fda664d37927b827,fresh single-thread process; one sample; cases concurrent; includes routes; excludes raw-CDM/history model/evaluation/export
3,witness_rerank,1024,1024,poi_only,27.235516112297773,12.283930271863937,39.51944638416171,496.5546875,True,95884055355027cbd379470467f28b1d36f851af1a9ce8da8adf7f94dd70ec5b,fresh single-thread process; one sample; cases concurrent; includes routes; excludes raw-CDM/history model/evaluation/export
3,witness_static,1024,1024,poi_only,26.83615617454052,12.630470767617226,39.466626942157745,496.46484375,True,95884055355027cbd379470467f28b1d36f851af1a9ce8da8adf7f94dd70ec5b,fresh single-thread process; one sample; cases concurrent; includes routes; excludes raw-CDM/history model/evaluation/export
3,witness_time_only,1024,1024,poi_only,26.91848413646221,9.769355557858944,36.687839694321156,479.8984375,True,95884055355027cbd379470467f28b1d36f851af1a9ce8da8adf7f94dd70ec5b,fresh single-thread process; one sample; cases concurrent; includes routes; excludes raw-CDM/history model/evaluation/export
4,witness_rerank,1024,1024,poi_only,3.419266328215599,1.7917599603533745,5.2110262885689735,143.72265625,True,cb16eaf3d9c098f5528b334a7d7dc94cfe60faf8cc5a8d59d13b1cb1eeef48a8,fresh single-thread process; one sample; cases concurrent; includes routes; excludes raw-CDM/history model/evaluation/export
4,witness_static,1024,1024,poi_only,3.3295691832900047,1.792310580611229,5.121879763901234,143.6875,True,cb16eaf3d9c098f5528b334a7d7dc94cfe60faf8cc5a8d59d13b1cb1eeef48a8,fresh single-thread process; one sample; cases concurrent; includes routes; excludes raw-CDM/history model/evaluation/export
4,witness_time_only,1024,1024,poi_only,3.373282551765442,0.7148495689034462,4.088132120668888,123.41015625,True,cb16eaf3d9c098f5528b334a7d7dc94cfe60faf8cc5a8d59d13b1cb1eeef48a8,fresh single-thread process; one sample; cases concurrent; includes routes; excludes raw-CDM/history model/evaluation/export
